event_id,time_s,lat,lon,peak_vertical,peak_vertical_g,peak_gyro_mag,speed_mean,event_duration,vert_jrk,num_peaks_accel,num_peaks_gyro,peak_interval_mean,peak_interval_std,asymmetry_score,vertical_energy,gyro_energy,accel_to_gyro_ratio,local_duration,top2_peak_ratio,duration_above_threshold,max_jerk,peak_to_peak,fft_high_low_ratio,zcr,kurtosis,skewness,gyro_pitch_energy,gyro_roll_energy,gyro_yaw_energy,gyro_pitch_roll_ratio,score,priority,level,suggested_label,suggested_raw_label,suggested_kind,suggestion_confidence,suggestion_rule,suggestion_reason,needs_review,label,notes,maps_link
166,1776330134.467778,-6.8930405,109.531108,-60.97407502076769,-6.217625287000932,6.023662852062066,7.968693699999999,0.0,66.61390894595803,0,5,0.0,0.0,0.33096123459415716,90827.2158721367,1422.973443931056,63.829171370473,0.0,0.0,0.0,8073.851875484616,102.40769527119086,35.50486593787783,0.48,-0.19419211675558534,0.018850047746186004,96.37403510593248,1226.9734917315734,99.62591709355002,0.0785461427462283,0.8500000000000001,high,candidate,Speed Bump,Speed Bump,event,0.5239837634563446,ML_Ensemble(RF+XGB)_LOW_CONF,"ML ragu-ragu (Conf: 52%), pakai tebakan terbaik ML",True,,,"https://www.google.com/maps?q=-6.8930405,109.531108"
297,1776414081.2075,-6.8217121,109.4783806,-56.73924009588225,-5.7857923037818475,6.507644850781464,1.918774,0.0,78.23030922262237,0,6,0.0,0.0,0.12102092865060311,66149.74726477721,1067.8701493426577,61.945497065866206,0.0,0.0,0.0,7823.038382893019,95.67028122345015,18.70684199209503,0.37,0.035083678048893674,-0.379759769037968,127.79681027775507,831.997553397985,108.07578566691743,0.1536023869327669,0.8178688455672771,high,candidate,Non-Event,Normal,condition_like,0.92,R6,amplitudo rendah + tidak ada struktur event → Non-Event,False,,,"https://www.google.com/maps?q=-6.8217121,109.4783806"
282,1776414007.8616667,-6.8229028,109.4770648,-55.898558801759094,-5.700066669225382,9.382769629244079,5.2230177,0.0,64.74302352131737,0,6,0.0,0.0,0.3238470704466152,54965.502685633975,1639.9646592561385,33.51627264763691,0.0,0.0,0.0,6474.308526513495,84.80281652764478,23.30255411234972,0.425,0.26487941586784647,-0.20033860290096625,194.74329691555857,1296.2330417546336,148.9883205859463,0.15023787428046753,0.8050100003838074,high,high_conf,Non-Event,Normal,condition_like,0.92,R6,amplitudo rendah + tidak ada struktur event → Non-Event,False,,,"https://www.google.com/maps?q=-6.8229028,109.4770648"
100,1775974034.235,-6.8387717,109.4476917,-62.87880292314005,-6.411853479336986,8.117005082050353,6.8344817,0.0,45.21136616566386,0,4,0.0,0.0,0.49653160287373993,21538.5520242776,903.5645297795222,23.837314647240394,0.0,0.0,0.0,4521.14092826237,65.65423110621927,31.120303566009575,0.48,1.2187754930843715,-0.8354234808210456,218.6621975530747,571.0879442439034,113.81438798254419,0.38288708310886727,0.8007045538855462,high,high_conf,Non-Event,Non-Event,condition_like,0.6563535858918168,ML_Ensemble(RF+XGB),Dipelajari dari data (Confidence: 66%),True,,,"https://www.google.com/maps?q=-6.8387717,109.4476917"
259,1776413742.4075003,-6.8311626,109.4626186,-52.67977198261692,-5.371841758665489,9.224982700873008,5.300893,0.18999981880187988,77.04402062778,2,3,0.21000003814697266,0.0,0.07808712592278437,56135.74599591363,1011.3142030678657,55.50772032086139,0.21000003814697266,0.6997894419723738,0.18999981880187988,7704.409410275378,91.30090837656167,20.038650518315254,0.485,0.5020472097043389,-0.6031024501791177,103.8434398325899,837.6835519003394,69.78721133493661,0.12396499784799324,0.7700262502099643,high,high_conf,Non-Event,Non-Event,condition_like,0.47344641000796583,ML_Ensemble(RF+XGB)_LOW_CONF,"ML ragu-ragu (Conf: 47%), pakai tebakan terbaik ML",True,,,"https://www.google.com/maps?q=-6.8311626,109.4626186"
78,1775973869.915,-6.8446046,109.4528489,-54.0475323447468,-5.511314500338729,5.016582453911854,8.01516,0.3099997043609619,57.486985943100734,2,4,0.28999996185302734,0.0,0.2567264583944522,28732.6412458567,615.3782798015085,46.69102264778251,0.28999996185302734,0.669022611642419,0.3099997043609619,5748.704076701504,87.79824299490275,17.674260334610835,0.48,3.5279085974710096,-0.5682394671386516,131.97749936762511,422.97342029344406,60.42736014043926,0.31202315021128424,0.7587898544852792,high,candidate,Non-Event,Non-Event,condition_like,0.6612256240116954,ML_Ensemble(RF+XGB),Dipelajari dari data (Confidence: 66%),True,,,"https://www.google.com/maps?q=-6.8446046,109.4528489"
291,1776414054.9466667,-6.8223926,109.4776971,-61.21662378915772,-6.242358378157447,3.1125172701579102,1.9771558,0.0,63.321229326431826,0,5,0.0,0.0,0.570724363358975,54356.109965316704,946.4893176016093,57.42918477476866,0.0,0.0,0.0,6475.105439948231,103.48746610892222,17.169181715409994,0.48,0.5130858787399997,-0.21371312634198758,124.89111560059953,711.828513882027,109.7696881189828,0.17545112760943277,0.7537505756719303,high,candidate,Non-Event,Maneuver,condition_like,0.88,R5,gyro dominan + asimetri tinggi → maneuver (Non-Event),False,,,"https://www.google.com/maps?q=-6.8223926,109.4776971"
48,1775973586.2,-6.8655217,109.4530138,-49.18567925994165,-5.015543458769473,8.156258648505574,10.531018,0.3599996566772461,59.0652024707591,2,2,0.2999999523162842,0.0,0.5932269884475596,25073.780526343562,1133.50023679179,22.120666313392785,0.2999999523162842,0.6844304910238993,0.3599996566772461,5906.52587997794,80.40192531351,4.68757886820101,0.46766169154228854,3.6679125748644203,-0.7540888409066578,183.02667694251136,829.5985290143335,120.87503083494498,0.2206207826083649,0.726215501302078,high,high_conf,Non-Event,Non-Event,condition_like,0.4959005450285398,ML_Ensemble(RF+XGB)_LOW_CONF,"ML ragu-ragu (Conf: 50%), pakai tebakan terbaik ML",True,,,"https://www.google.com/maps?q=-6.8655217,109.4530138"
298,1776414086.6560001,-6.8214183,109.4792533,-50.770193043529964,-5.177118898250674,5.8690242968113955,4.849198,0.0,65.96749992404104,0,7,0.0,0.0,0.11502511710822004,60768.23499436628,1169.393670005649,51.965592512662674,0.0,0.0,0.0,6596.7562835611425,86.79728815793268,37.68189926908841,0.5,-0.11214274489229803,-0.41087608114945245,162.6960099216888,883.793042982586,122.90461710137421,0.18408835759618689,0.7222019779646476,high,candidate,Non-Event,Normal,condition_like,0.92,R6,amplitudo rendah + tidak ada struktur event → Non-Event,False,,,"https://www.google.com/maps?q=-6.8214183,109.4792533"
91,1775973994.4477777,-6.8377,109.4496917,-50.91916074395939,-5.192309376184466,5.430962847645019,6.0232797,0.08999991416931152,64.03128101593117,1,4,0.0,0.0,0.011604346384882834,33485.43148230664,533.860509868186,62.72318480318248,0.1,0.0,0.08999991416931152,6403.134208097756,83.61122196915896,17.109631884033746,0.435,1.3957273574790543,-0.4451040808022443,138.02663952528803,323.1341654070011,72.69970493589693,0.427149629703464,0.7166284949118688,high,candidate,Non-Event,Crack,condition_like,0.76,R4,spike kecil/rapat + durasi sangat singkat → Non-Event,True,,,"https://www.google.com/maps?q=-6.8377,109.4496917"
350,1776417997.46,-6.9862248,109.4942418,-49.362022064569615,-5.0335254204615865,7.747629844744296,15.408623,0.09999990463256836,65.27596230394207,1,8,0.0,0.0,0.026941354383453853,29344.375280081273,869.4518373578119,33.75043215217744,0.1,0.0,0.09999990463256836,6527.602455601016,82.29815687456603,13.138797768707695,0.48756218905472637,1.341757285961184,-0.3166616888301367,81.64869899474127,733.3597897133948,54.443348649675784,0.11133511821709692,0.7125288059166806,high,candidate,Non-Event,Crack,condition_like,0.76,R4,spike kecil/rapat + durasi sangat singkat → Non-Event,True,,,"https://www.google.com/maps?q=-6.9862248,109.4942418"
244,1776413519.2380002,-6.8362953,109.4522306,-49.64732149600556,-5.062617866040449,5.848937710159294,2.3380625,0.0,65.5916013772588,0,3,0.0,0.0,0.32468454377124917,69282.82589405525,1025.4040905289132,67.56636380370995,0.0,0.0,0.0,6801.207723068985,90.17380671034005,13.774487672499758,0.475,-0.44925093794335913,-0.30345176860861645,170.42582674598634,739.2915705935213,115.68669318940576,0.23052586191215255,0.7043572702447105,high,candidate,Non-Event,Normal,condition_like,0.92,R6,amplitudo rendah + tidak ada struktur event → Non-Event,False,,,"https://www.google.com/maps?q=-6.8362953,109.4522306"
180,1776412519.3937502,-6.8830409,109.4373532,-52.41796674036971,-5.34514505364928,4.426409791824097,11.661129,0.0,73.90358878893733,0,4,0.0,0.0,0.30546213285735674,65567.81005559479,842.6412129463822,77.81225149018988,0.0,0.0,0.0,7390.365926895906,81.56016595109028,30.659125616270273,0.475,-0.4447042578222087,-0.09349035001416146,53.02396401491222,736.5277523935729,53.0894965378972,0.07199180719341908,0.6993187511081953,high,candidate,Speed Bump,Speed Bump,event,0.6925311581293743,ML_Ensemble(RF+XGB),Dipelajari dari data (Confidence: 69%),True,,,"https://www.google.com/maps?q=-6.8830409,109.4373532"
130,1776326984.1999998,-6.8563751,109.4942614,-52.965234100650314,-5.400950793660456,3.3636744348412724,5.640462,0.18999981880187988,80.1381190227086,2,3,0.24000000953674316,0.0,0.5355479756658964,22589.932040073763,283.3654052332843,79.72014770736094,0.24000000953674316,0.9803438147520944,0.18999981880187988,8013.819544844736,85.10958249794325,22.211213730384543,0.535,3.5426709974771704,-0.7201401146884161,43.109591541425225,195.36782863739452,44.88798505446457,0.22065859881556366,0.6865150866205852,high,candidate,Speed Bump,Speed Bump,event,0.5555025313756405,ML_Ensemble(RF+XGB)_LOW_CONF,"ML ragu-ragu (Conf: 56%), pakai tebakan terbaik ML",True,,,"https://www.google.com/maps?q=-6.8563751,109.4942614"
234,1776413391.385,-6.8415711,109.4521877,-45.696127508995154,-4.659708209122907,9.085161827817155,9.448044,0.48999953269958496,59.48878476876138,3,4,0.24500000476837158,0.0549999475479126,0.4909653422739475,22991.51262937643,861.1937555416899,26.697258839525066,0.49000000953674316,0.7620389530838542,0.48999953269958496,5948.884150174163,81.97239752250869,7.770681843370138,0.53,4.307340110191768,-0.5039602194210402,84.47758426324262,724.7139934036761,52.002177874771306,0.11656679036914995,0.6840021455501095,high,high_conf,Non-Event,Rough Road,condition_like,0.72,R7,struktur kontinu panjang + noisy/dense → Non-Event,True,,,"https://www.google.com/maps?q=-6.8415711,109.4521877"
207,1776412795.5885715,-6.8728333,109.4445817,-52.082618897546745,-5.310949090417905,6.129045740085891,10.803505,0.07999992370605469,39.065727428038926,1,4,0.0,0.0,0.13813544529772617,29725.38632138534,661.8033532821996,44.915738382175284,0.1,0.0,0.07999992370605469,4470.5404232100345,73.51015959031128,20.45061093328546,0.43,0.5050528298428683,-0.2531973768845723,79.93261972115955,517.9794059252379,63.8913276358022,0.15431621151822464,0.6828614492674363,high,candidate,Non-Event,Non-Event,condition_like,0.7034301297277468,ML_Ensemble(RF+XGB),Dipelajari dari data (Confidence: 70%),True,,,"https://www.google.com/maps?q=-6.8728333,109.4445817"
279,1776413991.8111115,-6.8233616,109.4762842,-52.20935629212238,-5.323872708021841,5.302945447645465,6.1592207,0.07999992370605469,45.23335146574203,2,5,1.9000000953674316,0.0,0.5231312356347185,31872.953503960405,818.6233734538117,38.934819721249895,1.9000000953674316,0.9950697202304778,0.07999992370605469,5022.360102798691,80.00168658160669,11.104031487207163,0.425,0.7222269167970352,-0.6242856300810785,105.97402679272358,641.552321019594,71.09702564149408,0.16518376312491465,0.6821235869552192,high,candidate,Non-Event,Non-Event,condition_like,0.6102897569125971,ML_Ensemble(RF+XGB)_LOW_CONF,"ML ragu-ragu (Conf: 61%), pakai tebakan terbaik ML",True,,,"https://www.google.com/maps?q=-6.8233616,109.4762842"
104,1775974063.302727,-6.8396,109.4461267,-49.682138295495825,-5.066168191532871,8.07279240234877,5.374214600000001,0.04999995231628418,49.75857806674216,1,5,0.0,0.0,0.4747228829139441,38341.90422539656,1447.650857430796,26.48560183009726,0.1,0.0,0.04999995231628418,5163.793517040504,79.62314239945853,11.570459902922794,0.415,0.5382483126536006,-0.5538172008921816,399.88822140805166,874.1977205054542,173.56491551728993,0.4574345271907194,0.6795371520427925,high,high_conf,Non-Event,Non-Event,condition_like,0.6630940159744104,ML_Ensemble(RF+XGB),Dipelajari dari data (Confidence: 66%),True,,,"https://www.google.com/maps?q=-6.8396,109.4461267"
110,1776325466.68,-6.8952933,109.4100906,-49.65935752914271,-5.0638451998534375,4.092543206287199,0.38545433,0.19999980926513672,65.00130046741617,2,2,0.16000008583068848,0.0,0.16750189474183533,23615.714711970686,473.4360261667619,49.88153278764386,0.16000008583068848,0.661558980049182,0.19999980926513672,6500.136245754608,92.90345384579683,19.06189062705761,0.472636815920398,3.2728803389723415,-0.17280540989016457,86.9087361479877,286.58884118437936,99.93844883439479,0.3032523369911039,0.6609948725491408,high,candidate,Non-Event,Non-Event,condition_like,0.5460757020192268,ML_Ensemble(RF+XGB)_LOW_CONF,"ML ragu-ragu (Conf: 55%), pakai tebakan terbaik ML",True,,,"https://www.google.com/maps?q=-6.8952933,109.4100906"
204,1776412782.0066664,-6.8726867,109.4437067,-46.54055322990716,-4.745815668949862,5.566800158962511,8.644245,0.15999984741210938,63.95407259780604,1,6,0.0,0.0,0.11357006388199245,24849.88399265398,372.3500593889247,66.73796149434739,0.1,0.0,0.15999984741210938,6395.413358922067,77.8835393079108,20.575330158790504,0.45,1.5513941398280604,-0.44175929266571123,33.02357945731359,302.2819207125849,37.04455921902616,0.10924761649726775,0.659432344197138,high,candidate,Non-Event,Normal,condition_like,0.92,R6,amplitudo rendah + tidak ada struktur event → Non-Event,False,,,"https://www.google.com/maps?q=-6.8726867,109.4437067"
262,1776413768.5266666,-6.83023,109.464085,-51.90272118604143,-5.292604629107946,3.710072884000436,6.2790966,0.0,56.90123080358593,0,3,0.0,0.0,0.454612739639245,39611.21983200275,652.4703476396817,60.70960912566701,0.0,0.0,0.0,5838.4568014924635,82.21235743762158,28.499277363502244,0.48,0.5318450772496521,-0.710088810244181,84.77384290632457,507.7175906586823,59.978914074674805,0.16697046606042076,0.6572305598448263,high,candidate,Non-Event,Normal,condition_like,0.92,R6,amplitudo rendah + tidak ada struktur event → Non-Event,False,,,"https://www.google.com/maps?q=-6.83023,109.464085"
208,1776412805.1100001,-6.8729683,109.445525,-52.03006145077487,-5.305589722359305,2.9620994904638587,8.971608,0.11999988555908203,71.61652129833456,2,5,0.16000008583068848,0.0,0.5626215077752783,33594.30484330616,578.6497534910512,58.05637103026836,0.16000008583068848,0.8436925399989877,0.11999988555908203,7161.658959723669,85.18265720619887,22.3912312131645,0.46,2.2292657652298518,-0.6331888135565185,71.368667226028,457.6083147622285,49.672771502794774,0.15596016236538604,0.6535750994529557,high,candidate,Non-Event,Maneuver,condition_like,0.88,R5,gyro dominan + asimetri tinggi → maneuver (Non-Event),False,,,"https://www.google.com/maps?q=-6.8729683,109.445525"
285,1776414016.02,-6.8226415,109.4774927,52.395260014982355,5.342829612047168,2.417478741310355,4.49699,0.04999995231628418,80.81492732785827,2,5,0.5799999237060547,0.0,0.3342571109768196,36912.46933959527,1246.7537930768492,29.60686345207946,0.5799999237060547,0.8301075837225071,0.04999995231628418,8081.500439905235,91.36919706441881,3.3803218598519726,0.4079601990049751,1.0983241590581718,0.3204245238270952,178.63041306437913,950.895245775081,117.22813423738909,0.18785498578334076,0.6357570629411416,high,candidate,Pothole,Pothole,event,0.5318148754891895,ML_Ensemble(RF+XGB)_LOW_CONF,"ML ragu-ragu (Conf: 53%), pakai tebakan terbaik ML",True,,,"https://www.google.com/maps?q=-6.8226415,109.4774927"
278,1776413986.0549998,-6.8233616,109.4762842,-49.28975937332571,-5.026156676676104,4.259478011156498,6.1592207,0.029999971389770508,55.55641914644353,1,4,0.0,0.0,0.04261007161702512,33919.44660294892,538.4922482900583,62.98966539939601,0.1,0.0,0.029999971389770508,5555.647212922411,89.37585382654154,13.681264939797341,0.425,1.173992936090487,0.20218319672030305,107.61380004403264,354.6096714467627,76.26877679926301,0.30347113574627216,0.63334416354901,high,candidate,Non-Event,Non-Event,condition_like,0.8833882014568035,ML_Ensemble(RF+XGB),Dipelajari dari data (Confidence: 88%),False,,,"https://www.google.com/maps?q=-6.8233616,109.4762842"
280,1776413997.7971425,-6.8231183,109.4766921,44.249569272587316,4.512200320454724,8.91015102932184,4.903831000000001,0.08999991416931152,59.50770290372392,2,3,0.18999981880187988,0.0,0.19584788428594882,34017.71934705161,1127.183033705253,30.179410352771054,0.18999981880187988,0.9055703660942112,0.08999991416931152,5950.775965474592,80.73746240533725,11.809864206989886,0.515,0.8895020556330673,0.28773939766229134,236.25307487010286,724.0129081448713,166.91705069027893,0.3263105835352306,0.6319390513099867,high,high_conf,Non-Event,Non-Event,condition_like,0.5214996179739635,ML_Ensemble(RF+XGB)_LOW_CONF,"ML ragu-ragu (Conf: 52%), pakai tebakan terbaik ML",True,,,"https://www.google.com/maps?q=-6.8231183,109.4766921"
308,1776417380.8812501,-6.9524284,109.4960915,-47.3088088196993,-4.824155937012058,6.461963780025105,1.9180521,0.0,46.68512372321628,0,6,0.0,0.0,0.055175737660562905,28113.80550465446,672.237878072571,41.82121594135795,0.0,0.0,0.0,4668.516824566219,73.7649555110834,4.435826878891469,0.4,0.5291192521734609,-0.6356039629507804,98.8744607639842,476.22271488113256,97.14070242745433,0.20762231087830707,0.6292404696291963,high,candidate,Non-Event,Non-Event,condition_like,0.8084288280743819,ML_Ensemble(RF+XGB),Dipelajari dari data (Confidence: 81%),False,,,"https://www.google.com/maps?q=-6.9524284,109.4960915"
272,1776413906.4499998,-6.825711,109.4722645,-46.73237250262751,-4.76537579118532,7.825369521361875,7.291923,0.009999990463256836,47.789545121991935,1,3,0.0,0.0,0.14763598861619634,32370.95603588944,842.4938183018844,38.42278162077555,0.1,0.0,0.009999990463256836,5395.068423949384,77.85928470205546,25.902906695477757,0.515,1.6055872925360424,-0.7106298373965257,98.40756000635477,676.9190610319124,67.1671972636174,0.14537566679089248,0.6248548517025153,high,candidate,Non-Event,Non-Event,condition_like,0.839831231496273,ML_Ensemble(RF+XGB),Dipelajari dari data (Confidence: 84%),False,,,"https://www.google.com/maps?q=-6.825711,109.4722645"
179,1776412517.7024999,-6.8839389,109.4376352,-53.05936725310208,-5.410549703833835,1.8929225728317867,10.232009,0.0,68.01393887805763,0,4,0.0,0.0,0.33406231370699896,65805.99600490415,695.0912268028779,94.67245934452532,0.0,0.0,0.0,8322.780682635008,90.07648605289005,20.561612796258082,0.415,0.014752842963258406,-0.42283124798608573,41.93193589324604,615.9700615604431,37.18922934918883,0.0680746329114516,0.6246798746694682,high,candidate,Speed Bump,Speed Bump,event,0.7025311581293743,ML_Ensemble(RF+XGB),Dipelajari dari data (Confidence: 70%),True,,,"https://www.google.com/maps?q=-6.8839389,109.4376352"
141,1776327954.22,-6.8955923,109.5218136,-48.32330191545175,-4.927605442781353,3.432144330019545,5.849049,0.31999969482421875,57.32935583269429,2,3,0.2999999523162842,0.0,0.23745054327294646,12652.539960016995,437.03074135351835,28.95114401307319,0.2999999523162842,0.4666486437303742,0.31999969482421875,5732.9410506280665,78.48039926711877,5.346342518738298,0.472636815920398,10.52573368190294,-0.6005101642271344,52.58328691545742,337.50817220153505,46.939282236525926,0.15579855864426298,0.6186434573053184,high,normal,Non-Event,Non-Event,condition_like,0.6634857982724578,ML_Ensemble(RF+XGB),Dipelajari dari data (Confidence: 66%),True,,,"https://www.google.com/maps?q=-6.8955923,109.5218136"
300,1776414095.3049998,-6.8214183,109.4792533,-47.75561472478419,-4.869717459558992,6.57737558866728,4.849198,0.0,39.382234614890095,0,5,0.0,0.0,0.31762633999682527,32662.18649724975,1462.9998548419098,22.32548852744329,0.0,0.0,0.0,4960.830870891179,79.55523462748721,33.26497531292556,0.445,0.48749895043684033,-0.19598323044743793,175.9217904273773,1160.9537585048338,126.12430590969878,0.1515321251919722,0.6117317343168158,high,candidate,Non-Event,Normal,condition_like,0.92,R6,amplitudo rendah + tidak ada struktur event → Non-Event,False,,,"https://www.google.com/maps?q=-6.8214183,109.4792533"
35,1775973440.18,-6.8735337,109.4494394,48.88462852025769,4.984844826751,4.351568710545375,7.445923,0.039999961853027344,49.758646493779715,1,5,0.0,0.0,0.060271178244428805,35849.41430362515,745.0274476032923,48.11824634224185,0.1,0.0,0.039999961853027344,4975.869394736815,92.23410673829356,1.799087258224091,0.39800995024875624,1.345909938067547,0.2868989931076769,121.76901435274719,535.0813666989573,88.17706655158801,0.22757102321913739,0.6116411664824052,high,candidate,Non-Event,Non-Event,condition_like,0.9260060702671498,ML_Ensemble(RF+XGB),Dipelajari dari data (Confidence: 93%),False,,,"https://www.google.com/maps?q=-6.8735337,109.4494394"
299,1776414092.48,-6.8214183,109.4792533,-43.534150751507184,-4.439247933953713,7.083420669870949,4.849198,0.14999985694885254,54.76396715749148,2,7,0.2799999713897705,0.0,0.4232315360269273,17262.775208660576,438.99340925307763,39.323540639730034,0.2799999713897705,0.7157264782041172,0.14999985694885254,5476.401938453023,72.38547652984354,6.671172170189043,0.4527363184079602,3.391942970673621,-0.6142444135985677,73.98219910283093,294.40961145543963,70.60159869480698,0.25129002577668386,0.6096837365558592,high,candidate,Non-Event,Non-Event,condition_like,0.6305532764267717,ML_Ensemble(RF+XGB)_LOW_CONF,"ML ragu-ragu (Conf: 63%), pakai tebakan terbaik ML",True,,,"https://www.google.com/maps?q=-6.8214183,109.4792533"
61,1775973654.38,-6.8597,109.4534417,-44.58154320021237,-4.546052240083247,5.745161874745675,9.759648,0.26999974250793457,48.20135816743692,2,2,0.16000008583068848,0.0,0.32303799027119795,16006.506384014045,597.3823720663502,26.79440690868231,0.16000008583068848,0.7199317885428518,0.26999974250793457,4820.1404135878065,78.74432847951596,6.81096414101221,0.527363184079602,4.550706839230473,-0.36417791636298125,143.11394617779084,367.0528547623128,87.21557112624649,0.38990010275377096,0.6043344064168945,high,candidate,Non-Event,Non-Event,condition_like,0.8216798645192451,ML_Ensemble(RF+XGB),Dipelajari dari data (Confidence: 82%),False,,,"https://www.google.com/maps?q=-6.8597,109.4534417"
317,1776417525.82,-6.9620088,109.4894888,-43.73613288832327,-4.459844379918042,5.131807304403708,12.202927,0.15999984741210938,58.74203102839056,1,5,0.0,0.0,0.16049278099217218,24019.935665250534,403.7098227210905,59.49802123677103,0.1,0.0,0.15999984741210938,5874.208704921027,69.0723314038701,8.314659473150305,0.4975124378109453,2.7946848582868924,-0.7692039671697857,52.47104771269954,326.4054765747229,24.83329843366805,0.160754188632412,0.5978436591183734,high,candidate,Non-Event,Normal,condition_like,0.92,R6,amplitudo rendah + tidak ada struktur event → Non-Event,False,,,"https://www.google.com/maps?q=-6.9620088,109.4894888"
94,1775974008.6666667,-6.8379683,109.44918,-47.152064327261996,-4.808172446988727,4.715145172274678,6.348069,0.059999942779541016,48.54081856821966,2,6,0.15999984741210938,0.0,0.2679671250230853,17380.903517512823,301.3947700513394,57.66823179076379,0.15999984741210938,0.7378646360976465,0.059999942779541016,4854.086486039578,76.43976878129101,18.04617852993133,0.495,3.550404792349175,-0.42233938878506094,75.91966718714332,189.55855169265007,35.916551171545976,0.4005077381564489,0.5947000970599962,high,candidate,Non-Event,Non-Event,condition_like,0.6979388057064806,ML_Ensemble(RF+XGB),Dipelajari dari data (Confidence: 70%),True,,,"https://www.google.com/maps?q=-6.8379683,109.44918"
352,1776418280.08,-7.0134472,109.4981533,-42.63495183231726,-4.347555162294695,6.31552935187493,2.950409,0.19999980926513672,53.19993672087515,2,5,0.2200000286102295,0.0,0.38006235242261616,27965.396032919234,524.5430170249583,53.31382760219794,0.2200000286102295,0.8923853779293904,0.19999980926513672,5319.998745633682,74.54308074767384,16.34464105943217,0.5024875621890548,2.0350034330491678,-0.4529749735242628,72.02661773428818,397.6724762341684,54.84392305650183,0.18112044925823592,0.5944663824420067,high,candidate,Non-Event,Non-Event,condition_like,0.7217402697191716,ML_Ensemble(RF+XGB),Dipelajari dari data (Confidence: 72%),True,,,"https://www.google.com/maps?q=-7.0134472,109.4981533"
276,1776413971.4183333,-6.8241104,109.4750159,-43.88711798198164,-4.4752405747101855,7.170462296001653,2.8625747999999995,0.0,50.256019779521104,0,1,0.0,0.0,0.14090623228824156,31829.84874275488,781.7770270006515,40.71474039619434,0.0,0.0,0.0,6244.637113352259,73.31640618906293,36.525467110781335,0.53,0.20981327453300525,-0.01881962809129358,91.68852565065286,603.0063354280928,87.08216592190601,0.15205234192690198,0.5888061521382648,high,candidate,Non-Event,Non-Event,condition_like,0.8754975280700585,ML_Ensemble(RF+XGB),Dipelajari dari data (Confidence: 88%),False,,,"https://www.google.com/maps?q=-6.8241104,109.4750159"
126,1776326938.3433335,-6.8553305,109.4920588,-46.936075002811954,-4.786147665391541,5.695251500482661,5.442451000000001,0.029999971389770508,38.56960315838226,2,4,1.0,0.0,0.4650463184471401,28293.39079017261,678.8819735265629,41.67645018105509,1.0,0.9560238341612941,0.029999971389770508,6469.740673739049,88.65281836415993,3.8460356107798837,0.45,1.3050762517423449,-0.7363552378597132,102.95369515448219,490.16582154988225,85.7624568221985,0.21003850211120134,0.5885792082069934,high,candidate,Speed Bump,Speed Bump,event,0.49621453205598876,ML_Ensemble(RF+XGB)_LOW_CONF,"ML ragu-ragu (Conf: 50%), pakai tebakan terbaik ML",True,,,"https://www.google.com/maps?q=-6.8553305,109.4920588"
196,1776412741.2033336,-6.8716767,109.44008,-50.16826877958304,-5.115739705157525,3.884056729217694,11.831920000000002,0.029999971389770508,41.336477630951066,1,7,0.0,0.0,0.2051293801343972,25906.26870109132,365.6587258726592,70.84821664905373,0.1,0.0,0.029999971389770508,4133.6517052525705,79.0691374049446,10.986452924210438,0.405,1.508153194303282,-1.2274489150402252,33.73534262891295,281.548313326572,50.3750699171743,0.11982079420224423,0.5868677700382883,high,candidate,Non-Event,Crack,condition_like,0.76,R4,spike kecil/rapat + durasi sangat singkat → Non-Event,True,,,"https://www.google.com/maps?q=-6.8716767,109.44008"
257,1776413725.0200002,-6.8315033,109.4621567,-46.259067256718374,-4.7171120878912145,3.444225791632462,5.4251723,0.1699998378753662,65.07940487509727,2,4,0.7899999618530273,0.0,0.05417125578051397,30320.842434692502,596.8076380390099,50.80505082595064,0.7899999618530273,0.7484366055693086,0.1699998378753662,6507.946693971341,77.31287602892169,20.979948107957725,0.525,1.6373485924554343,-0.28870600430559407,49.71136672267999,499.45078683087905,47.64548448545085,0.0995320618845694,0.5851243274120834,high,normal,Non-Event,Non-Event,condition_like,0.47956683845092085,ML_Ensemble(RF+XGB)_LOW_CONF,"ML ragu-ragu (Conf: 48%), pakai tebakan terbaik ML",True,,,"https://www.google.com/maps?q=-6.8315033,109.4621567"
296,1776414074.0316668,-6.8217733,109.4781458,-47.05115489484819,-4.797882548561251,3.392227960447535,2.6272352,0.0,58.129659736241535,0,3,0.0,0.0,0.40188058738992327,47262.62138243365,687.5028648897966,68.74534453214865,0.0,0.0,0.0,5812.971517305791,79.02217528080237,17.588215358228346,0.425,-0.15724620357640484,-0.3483402590124001,76.23492678715286,542.5189955947352,68.74894250790854,0.14052029010165848,0.5765221800865773,high,normal,Non-Event,Normal,condition_like,0.92,R6,amplitudo rendah + tidak ada struktur event → Non-Event,False,,,"https://www.google.com/maps?q=-6.8217733,109.4781458"
32,1775973411.9850001,-6.8754347,109.4488971,-45.76299277295962,-4.6665265684978685,3.6257203574341608,9.097576,0.04999995231628418,60.669233873978364,1,3,0.0,0.0,0.3890445607755821,21121.052449943432,348.4483706426229,60.614582155676416,0.1,0.0,0.04999995231628418,6066.929173272369,72.13780240347548,49.986896331001944,0.53,2.2009366568589828,-0.8751547585932111,83.00200168111408,220.20159594461828,45.244773016890555,0.37693642022945667,0.574586326946207,high,normal,Speed Bump,Speed Bump,event,0.7714282546899258,ML_Ensemble(RF+XGB),Dipelajari dari data (Confidence: 77%),True,,,"https://www.google.com/maps?q=-6.8754347,109.4488971"
114,1776325726.78,-6.8942167,109.4198767,-46.18701529182269,-4.70976483221311,3.1475163082629534,16.044407,0.12999987602233887,73.06218226792532,1,4,0.0,0.0,0.1472682676107549,15629.444496024375,298.3790742693866,52.381168089329286,0.1,0.0,0.12999987602233887,7306.22519455185,73.91952542728667,24.109427070479864,0.472636815920398,7.275842937840201,-1.1520978871542935,59.460657766004275,200.62873109240823,38.289685410974045,0.2963715971579639,0.5711319258090737,high,normal,Non-Event,Normal,condition_like,0.92,R6,amplitudo rendah + tidak ada struktur event → Non-Event,False,,,"https://www.google.com/maps?q=-6.8942167,109.4198767"
277,1776413978.8955557,-6.8236299,109.4758239,-42.015020429191445,-4.284339752024539,5.344009256714944,6.2732615,0.0,65.2273304048991,0,3,0.0,0.0,0.19465230095078231,41590.413994007606,1167.3953642884285,35.62667390214613,0.0,0.0,0.0,6522.739261058817,72.55450977796704,23.63039368143459,0.485,-0.30279042845553317,0.13040705359079063,263.43235099519836,710.7765652718014,193.18644802142873,0.37062610600257423,0.5707846046941789,high,candidate,Non-Event,Normal,condition_like,0.92,R6,amplitudo rendah + tidak ada struktur event → Non-Event,False,,,"https://www.google.com/maps?q=-6.8236299,109.4758239"
102,1775974051.2257144,-6.839335,109.4466483,-44.763752076092416,-4.564632374571583,4.38944752037842,6.366599,0.0,56.28997668480194,0,4,0.0,0.0,0.12964697175634735,29077.632805693873,986.8005443326082,29.46657553365361,0.0,0.0,0.0,5629.003036715817,67.92016646651456,28.640596263346982,0.56,0.759491839658224,0.3474677125314131,327.7472832750941,404.5030620882322,254.55019896928172,0.8102467278563087,0.5686430291476913,high,candidate,Non-Event,Non-Event,condition_like,0.8616544526356917,ML_Ensemble(RF+XGB),Dipelajari dari data (Confidence: 86%),False,,,"https://www.google.com/maps?q=-6.839335,109.4466483"
199,1776412754.42,-6.8718517,109.4410333,-46.062359729755116,-4.697053502445292,3.7713466932820565,10.698502,0.019999980926513672,54.2458565781876,1,3,0.0,0.0,0.32397538390257513,24895.05133102307,559.5097496885945,44.49440121532193,0.1,0.0,0.019999980926513672,5424.590831111713,73.06007035197203,12.757931492065262,0.5024875621890548,0.9834627621122052,-0.3291296371074799,32.985084079487095,475.4084742809051,51.116191328202305,0.06938261683281342,0.5625891023063097,high,normal,Non-Event,Non-Event,condition_like,0.6683620339566534,ML_Ensemble(RF+XGB),Dipelajari dari data (Confidence: 67%),True,,,"https://www.google.com/maps?q=-6.8718517,109.4410333"
116,1776326738.88,-6.849285,109.4826767,-41.79107934630477,-4.2615041167274015,4.55222010642431,8.61542,0.23999977111816406,62.469054947441165,2,3,0.1700000762939453,0.0,0.17417878037180443,19924.250186626894,357.91385483904014,55.66772524053152,0.1700000762939453,0.6586607275668673,0.23999977111816406,6246.911452263125,72.60304690040483,17.380254103185834,0.5970149253731343,2.7764838400539578,-0.5562121098004345,39.25508669032091,282.42454118359274,36.234226965126446,0.1389931851772385,0.5589662705571162,high,candidate,Speed Bump,Speed Bump,event,0.4376612010063269,ML_Ensemble(RF+XGB)_LOW_CONF,"ML ragu-ragu (Conf: 44%), pakai tebakan terbaik ML",True,,,"https://www.google.com/maps?q=-6.849285,109.4826767"
192,1776412705.345,-6.8738975,109.4385554,-43.29639024579162,-4.415003109705315,5.548014065954141,10.212739,0.08999991416931152,45.54834718570806,1,5,0.0,0.0,0.14565010723362606,38369.46523085294,699.5753506158828,54.84679404759894,0.1,0.0,0.08999991416931152,6219.5288908698585,76.30914923265591,17.694062186035573,0.435,0.400523039343347,-0.2468677220029491,66.26214895106389,589.6299880763428,43.68321358847621,0.11237920421053169,0.5557620861693272,high,candidate,Non-Event,Non-Event,condition_like,0.857769091488823,ML_Ensemble(RF+XGB),Dipelajari dari data (Confidence: 86%),False,,,"https://www.google.com/maps?q=-6.8738975,109.4385554"
269,1776413887.4433334,-6.8264256,109.4709843,41.088647363291926,4.189875988568158,8.986074086977375,9.927378,0.2199997901916504,47.511204455492084,3,3,0.2250000238418579,0.004999995231628418,0.18484346946228838,22164.803924870757,1172.8044612944618,18.898976459816478,0.4500000476837158,0.7618018498064586,0.2199997901916504,4751.124976575073,77.60883677583965,13.572534782564981,0.45,2.8171053491834517,-0.11142364448088142,103.49298225659028,1017.4501181948235,51.86136084304777,0.10171799118613423,0.5533520640679045,high,high_conf,Non-Event,Non-Event,condition_like,0.8625456284530578,ML_Ensemble(RF+XGB),Dipelajari dari data (Confidence: 86%),False,,,"https://www.google.com/maps?q=-6.8264256,109.4709843"
341,1776417791.03,-6.9729236,109.4854372,-48.72146550231167,-4.9682068292752035,3.48977399740567,2.6045024,0.07999992370605469,40.49377857671409,1,4,0.0,0.0,0.17143791916312137,26197.0235942577,473.08171107113264,55.375261663715946,0.1,0.0,0.07999992370605469,4814.858154267753,80.47160119138425,17.81375740672403,0.47761194029850745,1.7331112990827622,-0.5398170835146778,62.24149701599244,311.09094266588124,99.74927138925895,0.2000749243373707,0.5525360805051373,high,normal,Non-Event,Non-Event,condition_like,0.7613376877654312,ML_Ensemble(RF+XGB),Dipelajari dari data (Confidence: 76%),True,,,"https://www.google.com/maps?q=-6.9729236,109.4854372"
115,1776325730.04,-6.8942167,109.4198767,-49.631622253879016,-5.061016988867658,0.6616648156591447,16.044407,0.26999974250793457,63.34972107192512,2,2,0.1700000762939453,0.0,0.4842529453977406,25047.07896620735,858.3872883027259,29.179228628319127,0.1700000762939453,0.9674688761553857,0.26999974250793457,6334.9781486984675,78.27926985389624,6.001236254873888,0.527363184079602,5.68919906317084,-1.174253312046124,177.55016590755213,523.890429901307,156.9466924938668,0.3389070603982837,0.5514580228735487,high,candidate,Speed Bump,Speed Bump,event,0.6269715093038021,ML_Ensemble(RF+XGB)_LOW_CONF,"ML ragu-ragu (Conf: 63%), pakai tebakan terbaik ML",True,,,"https://www.google.com/maps?q=-6.8942167,109.4198767"
186,1776412657.575,-6.876786,109.4369846,-46.37354993075655,-4.728786071773394,2.59375528535382,6.9692397,0.06999993324279785,74.41322257036609,3,3,0.21999990940093994,0.040000081062316895,0.16304605825737312,30705.649047398187,601.2045226760384,51.07354957951723,0.4399998188018799,0.9532628526962416,0.06999993324279785,7441.329353641293,80.75511334471152,11.634706436414236,0.465,1.6655752063295015,-0.31097042522403545,106.40089001095049,385.93462442539555,108.86900823969233,0.27569666726241615,0.5510264152710129,high,normal,Non-Event,Non-Event,condition_like,0.457464906282914,ML_Ensemble(RF+XGB)_LOW_CONF,"ML ragu-ragu (Conf: 46%), pakai tebakan terbaik ML",True,,,"https://www.google.com/maps?q=-6.876786,109.4369846"
210,1776412812.91,-6.8731217,109.446285,-46.80615746241584,-4.772899763162328,3.1575534556106986,8.331294,0.12999987602233887,50.756991007044775,1,3,0.0,0.0,0.0389415124681047,22371.050054443993,567.4137941025889,39.42634149456886,0.1,0.0,0.12999987602233887,5075.703941272964,76.69683389220586,9.971277406016895,0.43283582089552236,2.1837308306402896,-0.5418199577417697,83.86591678780518,419.02944578341067,64.51843153137307,0.20014325349109433,0.550126707053197,high,normal,Non-Event,Non-Event,condition_like,0.9194588545041207,ML_Ensemble(RF+XGB),Dipelajari dari data (Confidence: 92%),False,,,"https://www.google.com/maps?q=-6.8731217,109.446285"
44,1775973494.5955555,-6.8729683,109.4523,-48.75987249560872,-4.972123252650877,3.3330591984924314,8.617479,0.019999980926513672,40.17916958111178,1,5,0.0,0.0,0.5232073577786426,38887.00214537505,600.8719929587446,64.7176146273261,0.1,0.0,0.019999980926513672,5667.777304123865,81.73324941573694,17.274971334284306,0.46,0.21008838607257152,-0.19919572086771917,117.19923380625244,406.50387305669864,77.1688860957936,0.28831025061745325,0.5423510250205738,high,normal,Non-Event,Normal,condition_like,0.92,R6,amplitudo rendah + tidak ada struktur event → Non-Event,False,,,"https://www.google.com/maps?q=-6.8729683,109.4523"
260,1776413747.5725,-6.8308549,109.4630619,-41.811388606900756,-4.263575084957734,6.318728129262645,6.4864845,0.0,45.70494391361406,0,8,0.0,0.0,0.2596894323485229,26518.85789733908,560.8453917842098,47.283722463496176,0.0,0.0,0.0,4570.498750128677,60.32152734084893,18.620105311197875,0.545,0.03831985673588223,0.014097881869390793,61.85911810964684,432.70433256985837,66.28194110470466,0.14295932189840188,0.5418860757890402,high,candidate,Non-Event,Non-Event,condition_like,0.6747518943619524,ML_Ensemble(RF+XGB),Dipelajari dari data (Confidence: 67%),True,,,"https://www.google.com/maps?q=-6.8308549,109.4630619"
231,1776413107.79,-6.8573752,109.4534641,-45.546357035826986,-4.644435871151411,2.9086936677866033,6.420327,0.04999995231628418,56.87248687483383,1,4,0.0,0.0,0.0018354924377191762,27740.543784136345,568.893865398909,48.76224797383321,0.1,0.0,0.04999995231628418,5687.25411127156,82.55393148190032,12.144984785855435,0.46766169154228854,1.659145072373363,-0.1928023245309239,84.61123016830744,409.43918999714356,74.84344523345798,0.20665151756051053,0.5369467889387659,high,normal,Non-Event,Non-Event,condition_like,0.824544282418031,ML_Ensemble(RF+XGB),Dipelajari dari data (Confidence: 82%),False,,,"https://www.google.com/maps?q=-6.8573752,109.4534641"
251,1776413694.25,-6.8321683,109.4609,-45.71421281902643,-4.661552397508469,2.5720232690430254,5.9769545,0.0,61.10982450457357,0,3,0.0,0.0,0.04895166999072777,30577.318985985403,776.297407592325,39.38866553919308,0.0,0.0,0.0,6110.988278349925,81.78586923436919,8.140573056931773,0.43781094527363185,1.4653314616981552,-0.37917322478248855,110.43200231074307,580.7977237106363,85.06768157094552,0.19013848989467416,0.5349669685943712,high,normal,Non-Event,Normal,condition_like,0.92,R6,amplitudo rendah + tidak ada struktur event → Non-Event,False,,,"https://www.google.com/maps?q=-6.8321683,109.4609"
2,1775972289.52,-6.8957427,109.4071277,-41.346257670562565,-4.216144929263568,5.861345685907909,9.986261,0.1099998950958252,43.7432794185428,1,4,0.0,0.0,0.2230887361870297,17430.194882480988,429.9015389848967,40.54462071267143,0.1,0.0,0.1099998950958252,4374.332113542468,68.10219130365633,9.036243033073477,0.4975124378109453,2.029956592452905,-0.2922316571287807,101.82288013927524,273.78813991651066,54.290518929110746,0.37190391007594903,0.5318608524471284,high,candidate,Speed Bump,Speed Bump,event,0.7228928396233127,ML_Ensemble(RF+XGB),Dipelajari dari data (Confidence: 72%),True,,,"https://www.google.com/maps?q=-6.8957427,109.4071277"
333,1776417730.62,-6.9722923,109.4825775,-48.93114890849695,-4.98958858616316,1.7685540133382454,2.7314875,0.04999995231628418,51.11096906158255,1,5,0.0,0.0,0.29948613360184334,26190.808063825916,515.6069918072018,50.79606837997115,0.1,0.0,0.04999995231628418,5111.1017804847515,82.78943139840726,15.220095691415127,0.46766169154228854,1.9508390313609274,-0.5037587111329148,108.55284764156852,301.49147636716873,105.56266779846453,0.3600527901800965,0.5315099816647454,high,normal,Non-Event,Non-Event,condition_like,0.6872606826410771,ML_Ensemble(RF+XGB),Dipelajari dari data (Confidence: 69%),True,,,"https://www.google.com/maps?q=-6.9722923,109.4825775"
344,1776417873.62,-6.9750922,109.4946936,-42.8158661758625,-4.366003291222029,5.3335517413537445,10.956158,0.11999988555908203,41.427711509405924,2,4,0.630000114440918,0.0,0.309479533591025,13218.71691021461,544.8716804827396,24.260238436769175,0.630000114440918,0.6690065075252375,0.11999988555908203,4142.775101798806,67.93644573374384,8.011194499878716,0.44776119402985076,4.072609449359899,-0.8050324619423486,88.58849446069537,403.8205535784098,52.46263244363451,0.2193758922281262,0.5297779148433801,high,candidate,Non-Event,Non-Event,condition_like,0.6256309870945811,ML_Ensemble(RF+XGB)_LOW_CONF,"ML ragu-ragu (Conf: 63%), pakai tebakan terbaik ML",True,,,"https://www.google.com/maps?q=-6.9750922,109.4946936"
105,1775974073.67,-6.8398433,109.4456483,-42.118511842504475,-4.294892939230468,8.908782802517344,6.050045,0.029999971389770508,38.91772424936895,1,3,0.0,0.0,0.10372654105244318,20145.31745683998,762.980465915658,26.403451110979624,0.1,0.0,0.029999971389770508,3891.7761364238418,67.47873031284101,5.370176923542476,0.42786069651741293,1.4876060353513383,-0.4109950672907842,375.076576475677,280.93247269050596,106.97141674947503,1.3351129242854511,0.5262096862366996,high,high_conf,Non-Event,Non-Event,condition_like,0.8000274464105949,ML_Ensemble(RF+XGB),Dipelajari dari data (Confidence: 80%),False,,,"https://www.google.com/maps?q=-6.8398433,109.4456483"
103,1775974057.3333333,-6.839335,109.4466483,-43.06351426103069,-4.391256367977922,5.143642926300507,6.366599,0.0,43.634976181583156,0,5,0.0,0.0,0.07712529486799767,33974.29014456158,984.2970826801757,34.51629666272661,0.0,0.0,0.0,5526.022317593044,79.36416937072471,20.543712534170055,0.41,0.4900314517771007,0.255950453610878,189.19971262839132,597.0746131362508,198.0227569155336,0.31687783762519245,0.5255931400119824,high,candidate,Non-Event,Non-Event,condition_like,0.746130117557861,ML_Ensemble(RF+XGB),Dipelajari dari data (Confidence: 75%),True,,,"https://www.google.com/maps?q=-6.839335,109.4466483"
221,1776412893.0366666,-6.873632,109.4518159,-40.04300892650089,-4.083250541877287,4.940190566290737,8.766832,0.04999995231628418,57.951286417794414,1,3,0.0,0.0,0.14568068996771258,32000.784362860868,648.5564649117223,49.341554737065294,0.1,0.0,0.04999995231628418,5795.134168450058,75.57883916644025,10.894805029181281,0.465,0.7564014332279778,-0.48661600316317566,75.84942315250322,494.741026704323,77.96601505489613,0.15331136676587465,0.5240815513076535,high,candidate,Non-Event,Non-Event,condition_like,0.8622788789944771,ML_Ensemble(RF+XGB),Dipelajari dari data (Confidence: 86%),False,,,"https://www.google.com/maps?q=-6.873632,109.4518159"
58,1775973622.323,-6.8620682,109.4532436,-44.46508776538833,-4.534177090585301,5.610379544723446,8.713941000000002,0.0,31.547381457712234,0,2,0.0,0.0,0.15578565323286353,13258.158332449462,372.20369747458045,35.620705508263306,0.0,0.0,0.0,3685.074449369099,56.903547273699644,9.485167494777132,0.42,1.5982558950798342,0.04951674667371151,152.77940099001563,157.4142291595913,62.01006732497351,0.9705564791386603,0.5222971532709508,high,candidate,Non-Event,Non-Event,condition_like,0.7652619646125369,ML_Ensemble(RF+XGB),Dipelajari dari data (Confidence: 77%),True,,,"https://www.google.com/maps?q=-6.8620682,109.4532436"
205,1776412787.82,-6.8726867,109.4437067,-45.21647361806021,-4.610797124202477,3.1971468939054675,8.644245,0.0,50.63947053209255,0,5,0.0,0.0,0.36140154978313954,29002.98031535525,412.1184184928079,70.37535558602082,0.0,0.0,0.0,5063.951882570105,74.56925069588227,13.175640665828045,0.3880597014925373,0.9864332914693876,-0.14373769492799557,56.39995056512103,311.175164145518,44.54330378216886,0.18124823855639685,0.5169893668675289,high,normal,Non-Event,Normal,condition_like,0.92,R6,amplitudo rendah + tidak ada struktur event → Non-Event,False,,,"https://www.google.com/maps?q=-6.8726867,109.4437067"
72,1775973732.2733333,-6.8542402,109.4532952,-43.10655314300915,-4.395645112552111,3.68256581816113,6.7719517,0.029999971389770508,54.469421604015935,1,2,0.0,0.0,0.11811198754154588,20824.63571650387,484.2631858078722,43.002723072497126,0.1,0.0,0.029999971389770508,5446.947355015389,72.64969354739128,6.182398942872289,0.445,2.220003021741843,-0.45638358275890706,100.8246745670825,290.5698639801351,92.86864726065468,0.34698943943817234,0.5159136973558068,high,normal,Non-Event,Non-Event,condition_like,0.9298312314962729,ML_Ensemble(RF+XGB),Dipelajari dari data (Confidence: 93%),False,,,"https://www.google.com/maps?q=-6.8542402,109.4532952"
137,1776327833.11,-6.9003327,109.5175285,-51.36620836496302,-5.237895546895528,1.4681177633389122,17.138735,0.0,38.08189630452732,0,0,0.0,0.0,0.9844833852867403,25384.808086051773,25.84120850120625,982.3382332342775,0.0,0.0,0.0,3808.193262228838,38.08189630452732,0.020746178348909072,0.0,6.155122110170785,2.7530076656461624,5.233609073943988,19.01641660614507,1.5911828211171877,0.27521529987082166,0.5115612451607173,high,candidate,Non-Event,Normal,condition_like,0.92,R6,amplitudo rendah + tidak ada struktur event → Non-Event,False,,,"https://www.google.com/maps?q=-6.9003327,109.5175285"
224,1776412905.02,-6.8735018,109.4521896,-39.76686236476782,-4.055091429261554,4.620672385408994,5.7226996,0.23999977111816406,54.34261771128463,2,3,0.24000000953674316,0.0,0.38342794597787566,15594.75039641439,499.312485476976,31.232446251138338,0.24000000953674316,0.8542752124403256,0.23999977111816406,5434.266953649285,64.68894193183985,14.348036419752951,0.5970149253731343,3.316164844073495,-0.6358898646771514,78.54901188153087,336.9166573177806,83.84681627766446,0.2331407781192085,0.5114281691076774,high,candidate,Non-Event,Non-Event,condition_like,0.8614646108421213,ML_Ensemble(RF+XGB),Dipelajari dari data (Confidence: 86%),False,,,"https://www.google.com/maps?q=-6.8735018,109.4521896"
88,1775973977.8779998,-6.837215,109.45062,-41.45245462801262,-4.226974005191642,4.5244395185271395,3.4661395999999995,0.029999971389770508,52.23134663716549,1,4,0.0,0.0,0.05766790808755168,29717.674578887196,629.430686702332,47.213577538407485,0.1,0.0,0.029999971389770508,5464.136741953316,81.90504934338307,8.285182471081448,0.455,1.0683097682603098,-0.04026074487589939,136.71381066633904,413.23235894494144,79.4845170910516,0.3308400404183124,0.511215238041102,high,candidate,Non-Event,Non-Event,condition_like,0.9016276917614781,ML_Ensemble(RF+XGB),Dipelajari dari data (Confidence: 90%),False,,,"https://www.google.com/maps?q=-6.837215,109.45062"
139,1776327906.98,-6.8982702,109.522018,-46.87282365608101,-4.779697823016118,0.8440657713283514,7.9533443,0.20999979972839355,80.12532674021256,1,4,0.0,0.0,0.15353066982600885,24661.646240956907,541.5038459474413,45.54288280679672,0.1,0.0,0.20999979972839355,8012.540315375164,83.9405627146487,19.164187254599966,0.5124378109452736,5.412593512968254,-0.4991560184162721,48.365164346690506,451.6929398400313,41.44574176071944,0.10707531593640558,0.5108401841429923,high,normal,Non-Event,Normal,condition_like,0.92,R6,amplitudo rendah + tidak ada struktur event → Non-Event,False,,,"https://www.google.com/maps?q=-6.8982702,109.522018"
281,1776414003.6683333,-6.8231183,109.4766921,-39.10054490927167,-3.987145958025592,6.896727786568877,4.903831,0.0,47.90636609480494,0,4,0.0,0.0,0.22629304760006058,35739.11588172824,1028.3981189484984,34.75221822023365,0.0,0.0,0.0,5075.02063502753,69.08512177036496,29.10936024092219,0.475,-0.10918032736778827,-0.2241116114648407,146.58329783872858,760.8297544915813,120.98506661818838,0.19266241466071388,0.5077597806865219,high,candidate,Non-Event,Non-Event,condition_like,0.7971736067264217,ML_Ensemble(RF+XGB),Dipelajari dari data (Confidence: 80%),True,,,"https://www.google.com/maps?q=-6.8231183,109.4766921"
60,1775973640.0749998,-6.8605233,109.4533667,-37.39148245787171,-3.812870088957158,6.27200313395888,9.797223,0.1099998950958252,53.16162573782517,1,4,0.0,0.0,0.5500978734818837,19601.48423580355,626.3502925657999,31.294763389049734,0.1,0.0,0.1099998950958252,5316.16764367506,66.54666180759271,25.746629993149845,0.5,2.3664030669139198,-0.6798313080200187,165.32707898685427,372.86876586478206,88.15444771416364,0.44339213599729804,0.5073859246018445,high,candidate,Non-Event,Non-Event,condition_like,0.8991755242414673,ML_Ensemble(RF+XGB),Dipelajari dari data (Confidence: 90%),False,,,"https://www.google.com/maps?q=-6.8605233,109.4533667"
248,1776413685.5849998,-6.8323617,109.460395,-42.41776456265358,-4.325408224281848,3.2533188989164397,4.6551476,0.0,67.51383920469206,0,3,0.0,0.0,0.17663115373612062,67318.66014106727,968.2259285249029,69.52784271549075,0.0,0.0,0.0,6751.390359096792,80.85504186315347,23.803452280097478,0.465,-0.7367172107062623,-0.20229212057559826,75.16962233612436,827.6644127006093,65.39189348816927,0.09082137771277361,0.5072551969394918,high,normal,Non-Event,Normal,condition_like,0.92,R6,amplitudo rendah + tidak ada struktur event → Non-Event,False,,,"https://www.google.com/maps?q=-6.8323617,109.460395"
328,1776417641.1100001,-6.9686984,109.4842102,-40.629710081008845,-4.14307740981975,3.519255791380873,9.043384,0.19999980926513672,63.39338497902769,2,5,0.26999998092651367,0.0,0.4034323205384389,21705.38841148035,654.4075084053422,33.16800021320654,0.26999998092651367,0.999231934372769,0.19999980926513672,6339.344543572843,79.9666316916659,4.150554741781849,0.45,2.7804061666086737,-0.1489973745960592,117.75153195646648,475.5790454510887,61.07693099778708,0.2475961311482564,0.5037701235472101,high,normal,Non-Event,Non-Event,condition_like,0.4812485365072886,ML_Ensemble(RF+XGB)_LOW_CONF,"ML ragu-ragu (Conf: 48%), pakai tebakan terbaik ML",True,,,"https://www.google.com/maps?q=-6.9686984,109.4842102"
286,1776414022.4775,-6.8226415,109.4774927,-42.50344636671698,-4.334145336757913,3.106669418102007,4.49699,0.0,66.03657756822751,0,7,0.0,0.0,0.10784431595493514,50533.27624569676,753.3178154189559,67.08095194922723,0.0,0.0,0.0,6603.664054567555,83.88371169103907,13.569498012315984,0.38,0.19681317791428032,-0.21195072016144734,127.93692222280845,520.3823561633958,104.99853703275176,0.24585176738157036,0.5036774477837538,high,normal,Non-Event,Normal,condition_like,0.92,R6,amplitudo rendah + tidak ada struktur event → Non-Event,False,,,"https://www.google.com/maps?q=-6.8226415,109.4774927"
