event_id,trip_id,time_s,label,pred_label,error_type,pothole_confidence,speed_mean,vertical_energy
41,178e7720-4939-4df4-b9af-2a0a7e15ece3,1775973146.76,Non-Event,Pothole,FALSE_POSITIVE (Model Over-sensitive),0.1971922,5.1693554,57150.49859905255
427,c72307ef-f384-4659-aded-5319b398f560,1776412676.82,Non-Event,Pothole,FALSE_POSITIVE (Model Over-sensitive),0.18997808,7.5197673,61908.94222094104
517,40a7a6c4-b8d9-447a-ba96-8503647f43bb,1776413806.58,Non-Event,Pothole,FALSE_POSITIVE (Model Over-sensitive),0.18720514,5.857365,47943.8267759047
121,cc249e1a-62c0-4274-812f-0019a041760e,1775974083.46,Non-Event,Pothole,FALSE_POSITIVE (Model Over-sensitive),0.18706015,5.0020704,33162.59701077452
314,606f1311-3f3f-40aa-9c26-05d27f54675c,1776329095.39,Non-Event,Pothole,FALSE_POSITIVE (Model Over-sensitive),0.18635574,18.949936,46631.32624521129
561,2403297f-866d-495e-a41b-b29966866b69,1776417392.11,Non-Event,Pothole,FALSE_POSITIVE (Model Over-sensitive),0.18092594,7.793902,55723.12838480894
61,cc249e1a-62c0-4274-812f-0019a041760e,1775973436.42,Non-Event,Pothole,FALSE_POSITIVE (Model Over-sensitive),0.18079819,8.892408,57973.12142200487
494,c72307ef-f384-4659-aded-5319b398f560,1776413471.38,Non-Event,Pothole,FALSE_POSITIVE (Model Over-sensitive),0.1805506,3.447079,46570.408275642825
501,40a7a6c4-b8d9-447a-ba96-8503647f43bb,1776413666.29,Non-Event,Pothole,FALSE_POSITIVE (Model Over-sensitive),0.17603992,0.00244016,27383.19611546785
609,2403297f-866d-495e-a41b-b29966866b69,1776417948.26,Non-Event,Pothole,FALSE_POSITIVE (Model Over-sensitive),0.17590559,12.597897,101035.29037816648
515,40a7a6c4-b8d9-447a-ba96-8503647f43bb,1776413798.85,Non-Event,Pothole,FALSE_POSITIVE (Model Over-sensitive),0.17547512,5.461398,46987.71478800281
446,c72307ef-f384-4659-aded-5319b398f560,1776412862.71,Non-Event,Pothole,FALSE_POSITIVE (Model Over-sensitive),0.17455038,5.384808,39917.54831092745
448,c72307ef-f384-4659-aded-5319b398f560,1776412885.16,Non-Event,Pothole,FALSE_POSITIVE (Model Over-sensitive),0.17417933,8.772349,52758.758815714806
405,44eda033-50cf-4664-89ef-2aa88372c53f,1776330570.43,Non-Event,Pothole,FALSE_POSITIVE (Model Over-sensitive),0.17257638,8.085454,84231.45983728452
610,2403297f-866d-495e-a41b-b29966866b69,1776417966.71,Non-Event,Pothole,FALSE_POSITIVE (Model Over-sensitive),0.17234395,13.107293,102129.8661593481
42,178e7720-4939-4df4-b9af-2a0a7e15ece3,1775973177.39,Non-Event,Pothole,FALSE_POSITIVE (Model Over-sensitive),0.170078,6.7403836,26293.2378095452
288,7b68bd61-6146-4cdb-8ad6-424ae6e78950,1776328452.06,Non-Event,Pothole,FALSE_POSITIVE (Model Over-sensitive),0.16916786,12.529883,30957.00009467634
398,44eda033-50cf-4664-89ef-2aa88372c53f,1776330465.81,Non-Event,Pothole,FALSE_POSITIVE (Model Over-sensitive),0.16909432,13.707379,54760.47474012914
39,178e7720-4939-4df4-b9af-2a0a7e15ece3,1775973110.12,Non-Event,Pothole,FALSE_POSITIVE (Model Over-sensitive),0.16906074,8.49295,34326.902600899535
538,40a7a6c4-b8d9-447a-ba96-8503647f43bb,1776413998.84,Non-Event,Pothole,FALSE_POSITIVE (Model Over-sensitive),0.1683298,4.903831,169552.22201373556
595,2403297f-866d-495e-a41b-b29966866b69,1776417764.91,Non-Event,Pothole,FALSE_POSITIVE (Model Over-sensitive),0.16830456,5.1504574,87275.00029675286
97,cc249e1a-62c0-4274-812f-0019a041760e,1775973758.29,Non-Event,Pothole,FALSE_POSITIVE (Model Over-sensitive),0.16771063,5.35019,64998.52066001933
123,cc249e1a-62c0-4274-812f-0019a041760e,1775974086.85,Non-Event,Pothole,FALSE_POSITIVE (Model Over-sensitive),0.16761045,5.0020704,57587.57462001916
430,c72307ef-f384-4659-aded-5319b398f560,1776412728.81,Non-Event,Pothole,FALSE_POSITIVE (Model Over-sensitive),0.16621596,9.88155,33450.463613669905
152,d4030b3c-2d8e-49cc-9722-89da2a36bbc9,1776325726.79,Non-Event,Pothole,FALSE_POSITIVE (Model Over-sensitive),0.16593935,16.044407,62723.887615173706
460,c72307ef-f384-4659-aded-5319b398f560,1776413026.2,Non-Event,Pothole,FALSE_POSITIVE (Model Over-sensitive),0.16563569,6.7812223,16729.200040856045
607,2403297f-866d-495e-a41b-b29966866b69,1776417923.04,Non-Event,Pothole,FALSE_POSITIVE (Model Over-sensitive),0.16534477,12.736869,25747.26537057784
77,cc249e1a-62c0-4274-812f-0019a041760e,1775973594.99,Non-Event,Pothole,FALSE_POSITIVE (Model Over-sensitive),0.16365728,9.76029,102367.25363096062
528,40a7a6c4-b8d9-447a-ba96-8503647f43bb,1776413926.41,Non-Event,Pothole,FALSE_POSITIVE (Model Over-sensitive),0.16290571,8.02342,53188.38235053768
421,c72307ef-f384-4659-aded-5319b398f560,1776412555.05,Non-Event,Pothole,FALSE_POSITIVE (Model Over-sensitive),0.162571,7.1789694,69620.21747821546
513,40a7a6c4-b8d9-447a-ba96-8503647f43bb,1776413786.36,Non-Event,Pothole,FALSE_POSITIVE (Model Over-sensitive),0.16255338,6.026831,96718.30528670164
453,c72307ef-f384-4659-aded-5319b398f560,1776412928.01,Non-Event,Pothole,FALSE_POSITIVE (Model Over-sensitive),0.16191745,3.877489,176753.0979094397
310,606f1311-3f3f-40aa-9c26-05d27f54675c,1776329018.99,Non-Event,Pothole,FALSE_POSITIVE (Model Over-sensitive),0.16183183,16.379683,52571.97468109087
565,2403297f-866d-495e-a41b-b29966866b69,1776417454.41,Non-Event,Pothole,FALSE_POSITIVE (Model Over-sensitive),0.16083056,9.831934,105454.07255766248
232,635ce134-fb1a-4d66-97a1-2eba272d836a,1776327547.43,Non-Event,Pothole,FALSE_POSITIVE (Model Over-sensitive),0.16076168,16.581879,45527.33826126942
65,cc249e1a-62c0-4274-812f-0019a041760e,1775973470.51,Non-Event,Pothole,FALSE_POSITIVE (Model Over-sensitive),0.1604848,8.667922,130085.78225465093
357,3a9b8fd6-92e7-4ce1-89d1-f0025de3bc91,1776329851.89,Non-Event,Pothole,FALSE_POSITIVE (Model Over-sensitive),0.1604026,6.3375797,52552.08610140862
122,cc249e1a-62c0-4274-812f-0019a041760e,1775974085.91,Non-Event,Pothole,FALSE_POSITIVE (Model Over-sensitive),0.16036983,5.0020704,62562.04683262784
250,7b68bd61-6146-4cdb-8ad6-424ae6e78950,1776327895.03,Pothole,Non-Event,FALSE_NEGATIVE (Model Missed It),0.15968476,17.138735,61532.97429564412
590,2403297f-866d-495e-a41b-b29966866b69,1776417690.55,Pothole,Non-Event,FALSE_NEGATIVE (Model Missed It),0.15868482,3.1817925,52660.69367598575
153,d4030b3c-2d8e-49cc-9722-89da2a36bbc9,1776325730.13,Pothole,Non-Event,FALSE_NEGATIVE (Model Missed It),0.15867296,16.044407,153752.67781904267
450,c72307ef-f384-4659-aded-5319b398f560,1776412893.07,Pothole,Non-Event,FALSE_NEGATIVE (Model Missed It),0.15766394,8.766832,123952.89324520234
571,2403297f-866d-495e-a41b-b29966866b69,1776417504.59,Pothole,Non-Event,FALSE_NEGATIVE (Model Missed It),0.15744452,10.686746,31966.84886736478
358,3a9b8fd6-92e7-4ce1-89d1-f0025de3bc91,1776329858.33,Pothole,Non-Event,FALSE_NEGATIVE (Model Missed It),0.157403,6.3375797,122476.6559032858
85,cc249e1a-62c0-4274-812f-0019a041760e,1775973654.45,Pothole,Non-Event,FALSE_NEGATIVE (Model Missed It),0.15736775,9.759648,47694.98887474389
67,cc249e1a-62c0-4274-812f-0019a041760e,1775973484.14,Pothole,Non-Event,FALSE_NEGATIVE (Model Missed It),0.15677078,4.4909515,33436.66661534463
596,2403297f-866d-495e-a41b-b29966866b69,1776417787.57,Pothole,Non-Event,FALSE_NEGATIVE (Model Missed It),0.15367147,4.6272063,126093.76427155265
46,178e7720-4939-4df4-b9af-2a0a7e15ece3,1775973212.93,Pothole,Non-Event,FALSE_NEGATIVE (Model Missed It),0.15329406,2.4447591,17433.7747188521
362,3a9b8fd6-92e7-4ce1-89d1-f0025de3bc91,1776329902.2,Pothole,Non-Event,FALSE_NEGATIVE (Model Missed It),0.1531837,7.4423685,51489.15328268538
468,c72307ef-f384-4659-aded-5319b398f560,1776413104.23,Pothole,Non-Event,FALSE_NEGATIVE (Model Missed It),0.15179852,6.420327,55726.60514850418
194,2ba192ad-a007-47e8-843d-e4f356c01155,1776326904.26,Pothole,Non-Event,FALSE_NEGATIVE (Model Missed It),0.14974919,4.2119246,30210.73855129372
200,2ba192ad-a007-47e8-843d-e4f356c01155,1776326949.53,Pothole,Non-Event,FALSE_NEGATIVE (Model Missed It),0.14826909,4.334681,91534.3163541331
581,2403297f-866d-495e-a41b-b29966866b69,1776417606.46,Pothole,Non-Event,FALSE_NEGATIVE (Model Missed It),0.14612034,2.1340613,14232.205362993758
569,2403297f-866d-495e-a41b-b29966866b69,1776417481.34,Pothole,Non-Event,FALSE_NEGATIVE (Model Missed It),0.14566644,10.228854,62093.05270504828
333,3a9b8fd6-92e7-4ce1-89d1-f0025de3bc91,1776329411.27,Pothole,Non-Event,FALSE_NEGATIVE (Model Missed It),0.14553042,11.8597145,109548.74617208246
103,cc249e1a-62c0-4274-812f-0019a041760e,1775973878.94,Pothole,Non-Event,FALSE_NEGATIVE (Model Missed It),0.14539002,8.01516,53625.43222656193
437,c72307ef-f384-4659-aded-5319b398f560,1776412777.75,Pothole,Non-Event,FALSE_NEGATIVE (Model Missed It),0.14537737,8.278792,188302.95939765347
458,c72307ef-f384-4659-aded-5319b398f560,1776413000.68,Pothole,Non-Event,FALSE_NEGATIVE (Model Missed It),0.14534639,14.353835,53115.14788720401
45,178e7720-4939-4df4-b9af-2a0a7e15ece3,1775973204.54,Pothole,Non-Event,FALSE_NEGATIVE (Model Missed It),0.14526549,4.2011566,49807.97384000452
252,7b68bd61-6146-4cdb-8ad6-424ae6e78950,1776327907.14,Pothole,Non-Event,FALSE_NEGATIVE (Model Missed It),0.14412668,7.9533443,75228.5294243198
197,2ba192ad-a007-47e8-843d-e4f356c01155,1776326924.49,Pothole,Non-Event,FALSE_NEGATIVE (Model Missed It),0.14392677,6.977751,67778.74850616898
377,44eda033-50cf-4664-89ef-2aa88372c53f,1776330092.27,Pothole,Non-Event,FALSE_NEGATIVE (Model Missed It),0.14336652,7.4466925,129502.82516575868
35,178e7720-4939-4df4-b9af-2a0a7e15ece3,1775973066.4,Pothole,Non-Event,FALSE_NEGATIVE (Model Missed It),0.14283496,7.441339,28757.73000097998
92,cc249e1a-62c0-4274-812f-0019a041760e,1775973717.17,Pothole,Non-Event,FALSE_NEGATIVE (Model Missed It),0.14278282,5.874274,142672.6353704077
251,7b68bd61-6146-4cdb-8ad6-424ae6e78950,1776327905.39,Pothole,Non-Event,FALSE_NEGATIVE (Model Missed It),0.14195575,7.9533443,40795.96763356465
585,2403297f-866d-495e-a41b-b29966866b69,1776417640.01,Pothole,Non-Event,FALSE_NEGATIVE (Model Missed It),0.14163613,9.043384,52142.40290005022
193,2ba192ad-a007-47e8-843d-e4f356c01155,1776326863.09,Pothole,Non-Event,FALSE_NEGATIVE (Model Missed It),0.14156492,7.604121,72922.3386664406
471,c72307ef-f384-4659-aded-5319b398f560,1776413122.0,Pothole,Non-Event,FALSE_NEGATIVE (Model Missed It),0.14137174,5.442369,123724.97500857509
102,cc249e1a-62c0-4274-812f-0019a041760e,1775973870.13,Pothole,Non-Event,FALSE_NEGATIVE (Model Missed It),0.14104845,8.01516,60619.99019724413
44,178e7720-4939-4df4-b9af-2a0a7e15ece3,1775973193.69,Pothole,Non-Event,FALSE_NEGATIVE (Model Missed It),0.14059524,7.58755,22863.27187850138
187,2ba192ad-a007-47e8-843d-e4f356c01155,1776326770.87,Pothole,Non-Event,FALSE_NEGATIVE (Model Missed It),0.13885443,4.6911783,19478.32202494136
38,178e7720-4939-4df4-b9af-2a0a7e15ece3,1775973087.17,Pothole,Non-Event,FALSE_NEGATIVE (Model Missed It),0.13866387,8.796218,62976.72152157746
469,c72307ef-f384-4659-aded-5319b398f560,1776413107.91,Pothole,Non-Event,FALSE_NEGATIVE (Model Missed It),0.13803409,6.420327,60745.49463166823
378,44eda033-50cf-4664-89ef-2aa88372c53f,1776330094.93,Pothole,Non-Event,FALSE_NEGATIVE (Model Missed It),0.13803305,7.4466925,97249.18306349072
183,2ba192ad-a007-47e8-843d-e4f356c01155,1776326738.9,Pothole,Non-Event,FALSE_NEGATIVE (Model Missed It),0.13677931,8.61542,74615.44237685355
68,cc249e1a-62c0-4274-812f-0019a041760e,1775973487.02,Pothole,Non-Event,FALSE_NEGATIVE (Model Missed It),0.13615468,8.617479,134162.99110245673
59,cc249e1a-62c0-4274-812f-0019a041760e,1775973405.59,Pothole,Non-Event,FALSE_NEGATIVE (Model Missed It),0.13518584,5.8539505,100109.46199979066
343,3a9b8fd6-92e7-4ce1-89d1-f0025de3bc91,1776329525.52,Pothole,Non-Event,FALSE_NEGATIVE (Model Missed It),0.13497937,4.329484,90265.7122381773
521,40a7a6c4-b8d9-447a-ba96-8503647f43bb,1776413842.15,Pothole,Non-Event,FALSE_NEGATIVE (Model Missed It),0.13076368,10.877279,102006.86202233238
80,cc249e1a-62c0-4274-812f-0019a041760e,1775973612.61,Pothole,Non-Event,FALSE_NEGATIVE (Model Missed It),0.12973946,9.207847,79445.48636569953
435,c72307ef-f384-4659-aded-5319b398f560,1776412770.75,Pothole,Non-Event,FALSE_NEGATIVE (Model Missed It),0.12803645,8.278792,88772.77067576692
62,cc249e1a-62c0-4274-812f-0019a041760e,1775973440.67,Pothole,Non-Event,FALSE_NEGATIVE (Model Missed It),0.12748228,7.445923,76826.61916370619
409,44eda033-50cf-4664-89ef-2aa88372c53f,1776330657.44,Pothole,Non-Event,FALSE_NEGATIVE (Model Missed It),0.12638171,13.218589,76428.00125803333
438,c72307ef-f384-4659-aded-5319b398f560,1776412778.8,Pothole,Non-Event,FALSE_NEGATIVE (Model Missed It),0.12612124,8.278792,142415.69772267487
104,cc249e1a-62c0-4274-812f-0019a041760e,1775973921.53,Pothole,Non-Event,FALSE_NEGATIVE (Model Missed It),0.1251243,10.214148,85469.60356026253
198,2ba192ad-a007-47e8-843d-e4f356c01155,1776326926.88,Pothole,Non-Event,FALSE_NEGATIVE (Model Missed It),0.12388258,6.977751,87907.62865604465
96,cc249e1a-62c0-4274-812f-0019a041760e,1775973750.25,Pothole,Non-Event,FALSE_NEGATIVE (Model Missed It),0.11978944,5.35019,28965.513619628724
201,2ba192ad-a007-47e8-843d-e4f356c01155,1776326962.81,Pothole,Non-Event,FALSE_NEGATIVE (Model Missed It),0.11653795,1.8755356,38959.988478963445
83,cc249e1a-62c0-4274-812f-0019a041760e,1775973640.44,Pothole,Non-Event,FALSE_NEGATIVE (Model Missed It),0.11446522,9.797223,133012.578647136
352,3a9b8fd6-92e7-4ce1-89d1-f0025de3bc91,1776329773.4,Pothole,Non-Event,FALSE_NEGATIVE (Model Missed It),0.11319989,5.474096,18020.009867597662
592,2403297f-866d-495e-a41b-b29966866b69,1776417722.03,Pothole,Non-Event,FALSE_NEGATIVE (Model Missed It),0.112313576,2.5360343,38213.10637209509
284,7b68bd61-6146-4cdb-8ad6-424ae6e78950,1776328391.37,Pothole,Non-Event,FALSE_NEGATIVE (Model Missed It),0.11164133,12.233199,41219.22140818436
211,635ce134-fb1a-4d66-97a1-2eba272d836a,1776327186.72,Pothole,Non-Event,FALSE_NEGATIVE (Model Missed It),0.111381896,10.716585,5907.197479444309
414,44eda033-50cf-4664-89ef-2aa88372c53f,1776330736.23,Pothole,Non-Event,FALSE_NEGATIVE (Model Missed It),0.11128954,14.5803,63841.278203160175
10,178e7720-4939-4df4-b9af-2a0a7e15ece3,1775972418.45,Pothole,Non-Event,FALSE_NEGATIVE (Model Missed It),0.10971269,9.365886,12223.967696979184
582,2403297f-866d-495e-a41b-b29966866b69,1776417617.03,Pothole,Non-Event,FALSE_NEGATIVE (Model Missed It),0.10546601,6.2492,47645.27861875634
505,40a7a6c4-b8d9-447a-ba96-8503647f43bb,1776413715.76,Pothole,Non-Event,FALSE_NEGATIVE (Model Missed It),0.10500054,5.8750396,93462.36062273044
573,2403297f-866d-495e-a41b-b29966866b69,1776417514.77,Pothole,Non-Event,FALSE_NEGATIVE (Model Missed It),0.10476401,12.029584,68300.90243401991
493,c72307ef-f384-4659-aded-5319b398f560,1776413456.07,Pothole,Non-Event,FALSE_NEGATIVE (Model Missed It),0.104045585,3.6966174,22354.42017565529
490,c72307ef-f384-4659-aded-5319b398f560,1776413418.29,Pothole,Non-Event,FALSE_NEGATIVE (Model Missed It),0.102180816,6.5210156,95895.50570461352
558,2403297f-866d-495e-a41b-b29966866b69,1776417359.63,Pothole,Non-Event,FALSE_NEGATIVE (Model Missed It),0.09419562,4.0472608,23186.461011749878
462,c72307ef-f384-4659-aded-5319b398f560,1776413043.58,Pothole,Non-Event,FALSE_NEGATIVE (Model Missed It),0.094183676,3.2473814,28753.835167536847
484,c72307ef-f384-4659-aded-5319b398f560,1776413319.34,Pothole,Non-Event,FALSE_NEGATIVE (Model Missed It),0.0916214,1.6511335,36379.76204831917
439,c72307ef-f384-4659-aded-5319b398f560,1776412794.16,Pothole,Non-Event,FALSE_NEGATIVE (Model Missed It),0.090809256,10.803505,97743.88969649184
203,2ba192ad-a007-47e8-843d-e4f356c01155,1776327037.72,Pothole,Non-Event,FALSE_NEGATIVE (Model Missed It),0.08720685,11.880818,57323.34347766446
60,cc249e1a-62c0-4274-812f-0019a041760e,1775973429.24,Pothole,Non-Event,FALSE_NEGATIVE (Model Missed It),0.08717589,8.892408,29767.42031598416
49,178e7720-4939-4df4-b9af-2a0a7e15ece3,1775973254.53,Pothole,Non-Event,FALSE_NEGATIVE (Model Missed It),0.08679082,9.17338,23587.92480973352
387,44eda033-50cf-4664-89ef-2aa88372c53f,1776330242.57,Pothole,Non-Event,FALSE_NEGATIVE (Model Missed It),0.08572464,12.331162,102574.4613471594
339,3a9b8fd6-92e7-4ce1-89d1-f0025de3bc91,1776329476.93,Pothole,Non-Event,FALSE_NEGATIVE (Model Missed It),0.08523509,3.3330586,41294.29151017539
425,c72307ef-f384-4659-aded-5319b398f560,1776412666.97,Pothole,Non-Event,FALSE_NEGATIVE (Model Missed It),0.08316282,6.1419387,60079.66299185071
589,2403297f-866d-495e-a41b-b29966866b69,1776417687.36,Pothole,Non-Event,FALSE_NEGATIVE (Model Missed It),0.07898266,8.694267,24952.309407753903
51,178e7720-4939-4df4-b9af-2a0a7e15ece3,1775973269.01,Pothole,Non-Event,FALSE_NEGATIVE (Model Missed It),0.07846908,7.2416267,55290.80545393439
338,3a9b8fd6-92e7-4ce1-89d1-f0025de3bc91,1776329472.69,Pothole,Non-Event,FALSE_NEGATIVE (Model Missed It),0.072099864,3.3330586,28699.604631128237
40,178e7720-4939-4df4-b9af-2a0a7e15ece3,1775973135.75,Pothole,Non-Event,FALSE_NEGATIVE (Model Missed It),0.07150703,8.969035,16834.966765388257
356,3a9b8fd6-92e7-4ce1-89d1-f0025de3bc91,1776329843.08,Pothole,Non-Event,FALSE_NEGATIVE (Model Missed It),0.06867878,9.950747,43323.84929354634
341,3a9b8fd6-92e7-4ce1-89d1-f0025de3bc91,1776329486.94,Pothole,Non-Event,FALSE_NEGATIVE (Model Missed It),0.06616778,5.0288363,61554.86158640257
344,3a9b8fd6-92e7-4ce1-89d1-f0025de3bc91,1776329585.22,Pothole,Non-Event,FALSE_NEGATIVE (Model Missed It),0.062864676,6.6152563,32835.850500365304
345,3a9b8fd6-92e7-4ce1-89d1-f0025de3bc91,1776329620.94,Pothole,Non-Event,FALSE_NEGATIVE (Model Missed It),0.061713997,7.925517,39466.28839461401
474,c72307ef-f384-4659-aded-5319b398f560,1776413159.9,Pothole,Non-Event,FALSE_NEGATIVE (Model Missed It),0.061013903,3.2513285,15846.80860661014
33,178e7720-4939-4df4-b9af-2a0a7e15ece3,1775973054.02,Pothole,Non-Event,FALSE_NEGATIVE (Model Missed It),0.06052373,9.072494,33434.844214598495
91,cc249e1a-62c0-4274-812f-0019a041760e,1775973714.54,Pothole,Non-Event,FALSE_NEGATIVE (Model Missed It),0.05920929,5.874274,19299.146046975377
192,2ba192ad-a007-47e8-843d-e4f356c01155,1776326853.59,Pothole,Non-Event,FALSE_NEGATIVE (Model Missed It),0.058534425,5.0540576,20388.656872173822
337,3a9b8fd6-92e7-4ce1-89d1-f0025de3bc91,1776329462.26,Pothole,Non-Event,FALSE_NEGATIVE (Model Missed It),0.055959687,3.6038327,25393.39577575192
602,2403297f-866d-495e-a41b-b29966866b69,1776417859.73,Pothole,Non-Event,FALSE_NEGATIVE (Model Missed It),0.05492312,14.532254,46642.59552571985
491,c72307ef-f384-4659-aded-5319b398f560,1776413425.73,Pothole,Non-Event,FALSE_NEGATIVE (Model Missed It),0.053063687,7.422782,33593.57742187557
587,2403297f-866d-495e-a41b-b29966866b69,1776417678.41,Pothole,Non-Event,FALSE_NEGATIVE (Model Missed It),0.048201274,7.6007867,17048.860044547822
488,c72307ef-f384-4659-aded-5319b398f560,1776413391.5,Pothole,Non-Event,FALSE_NEGATIVE (Model Missed It),0.040037077,9.448044,51021.95142627131
