window_start,window_end,mag_mean,mag_std,mag_max,mag_rms,mag_jrk,lat_mean,lon_mean,speed_mean,gyro_mag_mean,gyro_mag_max,gyro_mag_jrk,gyro_x_std,gyro_y_std,gyro_z_std,trip_id,label,event_id,source
1775972261.916,1775972262.916,23.54418424444445,12.82018683608357,81.670135,26.80831591593244,8.000978935025381,-6.899016699999998,109.40690500000002,9.420445999999998,1.1238187211653634,4.460316479321147,0.4240461989907502,0.992871904710338,0.7951935473895398,0.4567907341588991,178e7720-4939-4df4-b9af-2a0a7e15ece3,Non-Event,1,event_labeled
1775972262.416,1775972263.416,22.239117485353532,9.304885504863808,61.352005,24.107244570584623,6.968304867005076,-6.899016699999998,109.40690500000002,9.420445999999998,0.9969946949731264,2.4742555929132504,0.335706439098301,0.7818581588704948,0.6619872282842391,0.40067870839544,178e7720-4939-4df4-b9af-2a0a7e15ece3,Non-Event,1,event_labeled
1775972270.916,1775972271.916,25.566819953846156,10.473536601250224,74.32129,27.62892056324521,7.542415860824742,-6.897905300000001,109.4069794,12.110077999999996,1.215130589224325,3.810868214007308,0.3751270260239367,0.9523169473826238,0.8153671431341374,0.4861311926317552,178e7720-4939-4df4-b9af-2a0a7e15ece3,Non-Event,2,event_labeled
1775972271.416,1775972272.416,22.99169996767677,9.290540571665131,62.245552,24.79783078249837,7.3470812883248735,-6.8979053000000015,109.4069794,12.110077999999996,1.0548315440405809,2.756230992734916,0.3337709533984815,0.7950713392020949,0.7284993336737191,0.4774408366834236,178e7720-4939-4df4-b9af-2a0a7e15ece3,Non-Event,2,event_labeled
1775972280.916,1775972281.916,25.18992284900001,11.778285470872271,64.76665,27.80755691843376,7.96250468643216,-6.8968191,109.4070534,11.824939,1.1772971631447189,4.125696239509159,0.3809998352343656,0.9656329696230652,0.8643876596213586,0.470642674144708,178e7720-4939-4df4-b9af-2a0a7e15ece3,Non-Event,3,event_labeled
1775972281.416,1775972282.416,21.20163699282051,8.46666491442272,52.778137,22.829669860697766,6.669342092783506,-6.8968191,109.4070534,11.824939000000002,0.8936329881324562,2.57319910648642,0.305381757550078,0.6613229461365266,0.6212624546389027,0.4315551604409153,178e7720-4939-4df4-b9af-2a0a7e15ece3,Non-Event,3,event_labeled
1775972290.416,1775972291.416,21.1280091875,8.110403709726986,53.13001,22.631204576023737,6.449026,-6.8957427,109.40712770000002,9.986261,1.0173335873456466,2.3291741018478525,0.2982182110826449,0.7519363909193255,0.6518425814987787,0.4681717997678519,178e7720-4939-4df4-b9af-2a0a7e15ece3,Non-Event,4,event_labeled
1775972290.916,1775972291.916,26.138865329081632,12.514676922454306,77.301605,28.980293634904328,7.929255794871794,-6.8957427,109.40712770000005,9.986261,1.2821426828698814,4.451777515077546,0.3736776764009821,1.156039391142216,0.6727492724156519,0.586179877477237,178e7720-4939-4df4-b9af-2a0a7e15ece3,Non-Event,4,event_labeled
1775972298.416,1775972299.416,24.091554371,11.405698859784268,63.94198,26.655073785133915,8.54511649045226,-6.8947717,109.40716330000004,10.447317,1.1930569165787963,3.595918438791055,0.3716783099438637,1.026022983147176,0.6783158649721568,0.5168206846736677,178e7720-4939-4df4-b9af-2a0a7e15ece3,Non-Event,5,event_labeled
1775972298.916,1775972299.916,22.45580455879397,10.288478729893956,61.95862,24.70052535793991,7.618609563636364,-6.894771699999999,109.40716330000004,10.447317000000002,1.13158111868988,3.595918438791055,0.3371323331450755,0.9068433439102276,0.6856807719763068,0.5112171899676798,178e7720-4939-4df4-b9af-2a0a7e15ece3,Non-Event,5,event_labeled
1775972310.416,1775972311.416,17.3994542745,6.103670439753417,39.580956,18.438975076927026,4.894111221105528,-6.894028300000001,109.4072067,5.6856217,0.9672352779681538,1.9868248142450808,0.2631190565394073,0.6389389052121776,0.5854192924169452,0.5584870656636158,178e7720-4939-4df4-b9af-2a0a7e15ece3,Non-Event,6,event_labeled
1775972310.916,1775972311.916,19.7643884622449,9.156419678458375,51.736435,21.78235691137621,5.519473597948718,-6.8940283,109.40720669999996,5.685621699999999,0.9951645909608758,3.157895033271572,0.2654283781454744,0.6774402255392653,0.6242191930543911,0.5846350585570311,178e7720-4939-4df4-b9af-2a0a7e15ece3,Non-Event,6,event_labeled
1775972322.916,1775972323.916,19.34866520808081,8.648005732566645,52.64972,21.19336803070485,6.738124551269036,-6.8933759000000006,109.4072677,3.8525774,0.9131148302936573,2.6216137821053582,0.2814768506087712,0.7680848398780968,0.5090169549073038,0.4220448709855838,178e7720-4939-4df4-b9af-2a0a7e15ece3,Non-Event,7,event_labeled
1775972323.416,1775972324.416,18.43767138434344,8.231849971632812,52.64972,20.1918567752574,5.9152856690355335,-6.8933759000000006,109.4072677,3.8525774,0.8872936794836013,2.6216137821053582,0.2795487290681653,0.7361948229671639,0.4953407964470854,0.4365762966887138,178e7720-4939-4df4-b9af-2a0a7e15ece3,Non-Event,7,event_labeled
1775972343.416,1775972344.416,18.7382035479798,8.416196023931494,68.00903,20.54148552852892,5.169297939086294,-6.893465099999999,109.40909710000004,14.848360000000005,0.7497496512815693,2.6869224887057124,0.2626761941805061,0.6383446996347637,0.4566780771456774,0.3646176744216607,178e7720-4939-4df4-b9af-2a0a7e15ece3,Non-Event,8,event_labeled
1775972343.916,1775972344.916,18.24606636180905,8.318698448271368,68.00903,20.052922020314444,5.204068272727273,-6.893465099999999,109.40909710000004,14.848360000000005,0.7199329059691005,2.6869224887057124,0.2439774139632976,0.604523967324829,0.4629946590584252,0.3346203875852367,178e7720-4939-4df4-b9af-2a0a7e15ece3,Non-Event,8,event_labeled
1775972347.416,1775972348.416,17.101445075634516,6.439098210057021,52.565235,18.273516613769328,4.871775771428571,-6.8935844,109.41035659999996,13.817241,0.6861185494912971,2.676262052942032,0.2586918677115589,0.582720924771532,0.3764412853677663,0.3512059064050871,178e7720-4939-4df4-b9af-2a0a7e15ece3,Non-Event,9,event_labeled
1775972347.916,1775972348.916,16.67804742385787,6.180415506620084,52.565235,17.78636561265179,4.722610714285714,-6.8935844,109.41035659999996,13.817241,0.6533263034525036,2.676262052942032,0.2659559683025068,0.5542880491600771,0.382204280420328,0.3109581331219205,178e7720-4939-4df4-b9af-2a0a7e15ece3,Non-Event,9,event_labeled
1775972355.416,1775972356.416,17.440560020408164,5.942048656242873,49.487602,18.425012240392604,5.012570692307692,-6.8935844,109.4103566,13.817240999999996,0.7218277251940165,1.6914273618382227,0.1972816401025469,0.5609640410123389,0.4127531743819367,0.3591280392938921,178e7720-4939-4df4-b9af-2a0a7e15ece3,Non-Event,10,event_labeled
1775972355.916,1775972356.916,16.90099541060606,5.725064146288826,49.487602,17.844326979419787,4.724735413197969,-6.8935844,109.4103566,13.817240999999996,0.6678674941047316,1.654616298090361,0.1740069885487693,0.4942433180329685,0.4135300909133985,0.3365255504549505,178e7720-4939-4df4-b9af-2a0a7e15ece3,Non-Event,10,event_labeled
1775972362.416,1775972363.416,19.11663052676768,9.706108752118272,70.256714,21.43954546637808,5.605916265989848,-6.893717899999999,109.4115986,13.326381000000003,0.7865587888515044,3.444892968289255,0.2903053938422291,0.7308446176355451,0.5505036202319751,0.349710588459657,178e7720-4939-4df4-b9af-2a0a7e15ece3,Non-Event,11,event_labeled
1775972362.916,1775972363.916,18.081573113065325,10.041437991135686,70.256714,20.682692357934208,5.471976080808081,-6.893717899999999,109.4115986,13.326381,0.7920194096721419,3.444892968289255,0.2781146572325389,0.731546121973759,0.5645410606420574,0.3559443100627841,178e7720-4939-4df4-b9af-2a0a7e15ece3,Non-Event,11,event_labeled
1775972417.916,1775972418.916,23.79785281725888,14.89902361623571,86.31079,28.07701379116137,6.967744821428573,-6.894143299999997,109.4176217,9.365886000000003,1.1422872329606215,6.702471123877093,0.4310584383131082,1.2298442218802736,0.6543329783629738,0.5173129645690606,178e7720-4939-4df4-b9af-2a0a7e15ece3,Speed Bump,13,event_labeled
1775972418.416,1775972419.416,22.568856038118813,15.294416068253266,86.31079,27.263023048410748,7.098699291542289,-6.894143299999997,109.4176217,9.365886000000003,1.0466704277928789,6.702471123877093,0.3670916294486568,1.1856663003989805,0.628657127759354,0.4717944859321925,178e7720-4939-4df4-b9af-2a0a7e15ece3,Speed Bump,13,event_labeled
1775972424.416,1775972425.416,22.008674690954773,12.664678799644156,81.99519,25.3924368808988,8.114587121212121,-6.894143299999997,109.41762170000004,9.365886000000003,1.170969934117449,4.360843307868474,0.3862451208277043,0.9497464053219864,0.7876234589770489,0.5386885312810249,178e7720-4939-4df4-b9af-2a0a7e15ece3,Non-Event,14,event_labeled
1775972424.916,1775972425.916,19.270725620707072,8.016523856473855,56.72823,20.87164393836744,6.805830082233503,-6.894143299999997,109.4176217,9.365886000000003,1.026118374313332,2.460463846862772,0.2914693681739187,0.7545577949784081,0.6699058873998486,0.4906769026105657,178e7720-4939-4df4-b9af-2a0a7e15ece3,Non-Event,14,event_labeled
1775972434.416,1775972435.416,18.428400071356783,7.024134685596103,55.139706,19.721673287816557,6.20126524040404,-6.8942007000000025,109.41842,10.810950999999998,0.919401020714874,2.7034367061032243,0.3716354323490945,0.8078608306228852,0.4808153023739737,0.353822427892341,178e7720-4939-4df4-b9af-2a0a7e15ece3,Non-Event,15,event_labeled
1775972434.916,1775972435.916,18.45150108265306,7.074715016072686,55.139706,19.76131282991572,6.155818664615384,-6.894200700000002,109.41841999999998,10.810951,0.8948701157899355,2.7034367061032243,0.3413355050431415,0.7836990297045032,0.4640797172591228,0.3534396369867821,178e7720-4939-4df4-b9af-2a0a7e15ece3,Non-Event,15,event_labeled
1775972455.416,1775972456.416,23.224631909,9.314020296347111,60.059406,25.022679740373672,7.909413363819094,-6.894239999999997,109.42057670000004,13.544584,1.042144768724337,2.508420561602461,0.3458395269323559,0.8910029918475378,0.5869349395968109,0.4341108248491124,178e7720-4939-4df4-b9af-2a0a7e15ece3,Non-Event,16,event_labeled
1775972455.916,1775972456.916,20.8037075955,8.506729129207864,60.059406,22.475735587445808,6.401097813065326,-6.894239999999997,109.42057670000004,13.544584,0.8838325078826452,2.3089963434490883,0.280405379295207,0.7527338066625587,0.5225498850357055,0.3754919175762703,178e7720-4939-4df4-b9af-2a0a7e15ece3,Non-Event,16,event_labeled
1775972887.916,1775972888.916,20.990684605050507,11.053035351788704,71.01689,23.72295155912508,6.19662303248731,-6.8927099999999975,109.4355667,9.876490000000002,0.9694612211408404,3.252108474176792,0.2892025747241082,0.8014456443239644,0.6751244923822516,0.4081342732876147,178e7720-4939-4df4-b9af-2a0a7e15ece3,Non-Event,22,event_labeled
1775972888.416,1775972889.416,18.996888098984773,10.664030602952254,71.01689,21.78539203562909,5.336450260204082,-6.892709999999998,109.4355667,9.876490000000002,0.8241329241142508,3.252108474176792,0.263925694279653,0.7291122777998823,0.6060915333694508,0.347180422006353,178e7720-4939-4df4-b9af-2a0a7e15ece3,Non-Event,22,event_labeled
1775972889.916,1775972890.916,17.335325067821785,8.426907269123381,63.191586,19.275016506593573,5.340285067661691,-6.892613299999998,109.436275,6.919410699999999,0.7818426554442457,3.81743596551157,0.2798849353133102,0.6793714157397014,0.5719122338253945,0.3041331481799512,178e7720-4939-4df4-b9af-2a0a7e15ece3,Non-Event,23,event_labeled
1775972890.416,1775972891.416,20.122415027777777,9.392574407764815,63.191586,22.206576515877803,6.64445816497462,-6.892613299999998,109.436275,6.919410699999999,1.0277007661676287,3.81743596551157,0.3408029764456054,0.8529185962215389,0.6677189075414016,0.429154086181402,178e7720-4939-4df4-b9af-2a0a7e15ece3,Non-Event,23,event_labeled
1775972898.916,1775972899.916,21.66425877295918,9.153523474840464,63.35935,23.51865430219583,6.995454907692308,-6.892613299999998,109.436275,6.919410699999999,0.970153013946468,2.598926847157307,0.3400805856068927,0.7906614119365238,0.5822210469130512,0.448789986475018,178e7720-4939-4df4-b9af-2a0a7e15ece3,Non-Event,25,event_labeled
1775972899.416,1775972900.416,19.72906614572864,8.759159702483734,63.35935,21.586081850955512,6.620186611111111,-6.892572294974873,109.43679431658292,9.41263938743718,0.8654965372886397,2.598926847157307,0.2899261983448719,0.7325348357055295,0.4877581652531619,0.3862661756372009,178e7720-4939-4df4-b9af-2a0a7e15ece3,Non-Event,25,event_labeled
1775972909.916,1775972910.916,18.74363227664975,8.199169741805358,63.95256,20.458497876853095,6.096067015306122,-6.892418305076142,109.43833437309642,12.258187401015228,0.7954429510414012,3.43256351919105,0.2708506293525614,0.6973344791424303,0.5047755599294784,0.3745079112075791,178e7720-4939-4df4-b9af-2a0a7e15ece3,Non-Event,27,event_labeled
1775972910.416,1775972911.416,19.2903982893401,8.225832006034873,63.95256,20.971022348776494,5.892278183673469,-6.8924118,109.4383925,12.268271999999998,0.8142660135650027,3.43256351919105,0.2800951787196628,0.727045116647093,0.4933377227346047,0.4078084767166329,178e7720-4939-4df4-b9af-2a0a7e15ece3,Non-Event,27,event_labeled
1775972914.916,1775972915.916,19.3438694675,7.4301417699881505,53.657516,20.721783048227326,5.833948663316583,-6.8924118,109.43839249999998,12.268271999999998,0.821819016552763,2.361270102550481,0.2977003993403324,0.629436144113116,0.4732703311087837,0.4472908010987915,178e7720-4939-4df4-b9af-2a0a7e15ece3,Non-Event,28,event_labeled
1775972915.416,1775972916.416,18.63352101632653,7.37619932400449,53.657516,20.040369805303666,5.838584377435897,-6.8924118,109.4383925,12.268272,0.7911223075766957,2.361270102550481,0.2897937501264303,0.6211146077495276,0.450614263584597,0.4013691218200645,178e7720-4939-4df4-b9af-2a0a7e15ece3,Non-Event,28,event_labeled
1775972925.916,1775972926.916,22.00850540812183,8.044305839216591,48.30905,23.432566371061064,7.682148001020407,-6.892307299999999,109.43953589999998,13.983735,0.951553396394789,2.2780127993631862,0.3675358160336422,0.824343282588731,0.5170617854135927,0.395086929980575,178e7720-4939-4df4-b9af-2a0a7e15ece3,Non-Event,29,event_labeled
1775972926.416,1775972927.416,23.294151745728648,9.587905554921498,55.516975,25.19018536023757,8.971125703030305,-6.8923073,109.43953589999995,13.983734999999998,1.031314538653349,2.488543876878608,0.3616548470507241,0.8848943635841101,0.597159831402817,0.4112523381095478,178e7720-4939-4df4-b9af-2a0a7e15ece3,Non-Event,29,event_labeled
1775972930.416,1775972931.416,18.14519089040404,7.127149288816647,65.02436,19.49472260470206,5.19723289035533,-6.8921763,109.44096779999995,14.897009999999996,0.7894504705675812,2.8802917740439096,0.2514134479064663,0.5895084959434476,0.5576238883828745,0.3898470090701998,178e7720-4939-4df4-b9af-2a0a7e15ece3,Non-Event,30,event_labeled
1775972930.916,1775972931.916,18.507310228643213,7.676433376415114,65.02436,20.03617132292948,5.615244145454545,-6.892176299999999,109.44096779999995,14.897009999999993,0.7912724684634116,2.8802917740439096,0.2608446115889212,0.6152111333898266,0.5418479663177048,0.3581798175941575,178e7720-4939-4df4-b9af-2a0a7e15ece3,Non-Event,30,event_labeled
1775972933.416,1775972934.416,20.834780890452265,9.451418224708553,59.07883,22.878317272288797,5.996952588888888,-6.892176299999999,109.44096779999995,14.897009999999993,0.9109437375005958,2.7904918656372213,0.3314223039099483,0.7817347065218281,0.5441563774434516,0.4558408061913216,178e7720-4939-4df4-b9af-2a0a7e15ece3,Non-Event,31,event_labeled
1775972933.916,1775972934.916,20.309889775376885,8.859658090042544,59.07883,22.15818503759761,5.642627022222222,-6.892176299999999,109.44096779999995,14.897009999999993,0.9049893768716792,2.7904918656372213,0.287355731185859,0.7142124873416188,0.5886628331314145,0.4188367745956816,178e7720-4939-4df4-b9af-2a0a7e15ece3,Non-Event,31,event_labeled
1775972938.916,1775972939.916,20.1707665142132,7.689073653475796,60.352665,21.586608705850026,5.792639547959183,-6.892176300000001,109.44096779999994,14.897009999999996,0.8637850596714982,2.67789907832311,0.306804115426771,0.7437083168659191,0.4877190766894667,0.3750822543660138,178e7720-4939-4df4-b9af-2a0a7e15ece3,Non-Event,33,event_labeled
1775972939.416,1775972940.416,23.153305597989952,9.439132453368323,73.9139,25.00345539292807,6.812196277777778,-6.892158592462313,109.4412231135678,14.633761809045224,1.0165618372104002,2.94184944566658,0.3500101942975753,0.8828839775943653,0.5753974662048723,0.4409787624263164,178e7720-4939-4df4-b9af-2a0a7e15ece3,Non-Event,33,event_labeled
1775972954.916,1775972955.916,23.1331022735,10.428917020719672,76.310745,25.375238541169765,7.405331927638192,-6.892137499999999,109.4433722,14.374064000000002,0.9813899298105996,3.8873026577707135,0.3871305859301928,0.9003889505566994,0.5784111553998672,0.3945277225640312,178e7720-4939-4df4-b9af-2a0a7e15ece3,Non-Event,37,event_labeled
1775972955.416,1775972956.416,19.625019905050504,7.55533493983494,57.40484,21.02913436941044,6.1093102923857865,-6.892137499999999,109.44337219999998,14.374064000000004,0.837635874933245,1.9128398279782863,0.2981611251682438,0.6676147082374111,0.4973036265840586,0.3887110403123311,178e7720-4939-4df4-b9af-2a0a7e15ece3,Non-Event,37,event_labeled
1775972965.916,1775972966.916,27.013293384577118,12.201176959701256,82.17975,29.64096386224953,9.133691902,-6.8922577,109.4448662,18.682701000000005,1.2425519391256703,4.269149919187659,0.4659587372300502,1.1447944982579463,0.7191867353734075,0.4591800274939602,178e7720-4939-4df4-b9af-2a0a7e15ece3,Non-Event,39,event_labeled
1775972966.416,1775972967.416,21.684754852261303,9.199195192990864,61.341557,23.55533453809172,6.790337004040403,-6.892257699999998,109.44486619999998,18.682701,0.9002525209228462,2.9550971542827487,0.3466766287926959,0.8293824187799466,0.4866452726770188,0.3746876109794695,178e7720-4939-4df4-b9af-2a0a7e15ece3,Non-Event,39,event_labeled
1775973027.416,1775973028.416,22.23843020408164,10.26428902456674,64.78555,24.492925654597727,7.546459087179487,-6.8939047,109.45271909999998,8.344460499999997,1.00643405502676,3.2381085962960308,0.3348414269961218,0.78443390301143,0.6565854730769666,0.470083109113167,178e7720-4939-4df4-b9af-2a0a7e15ece3,Non-Event,42,event_labeled
1775973027.916,1775973028.916,21.31847899802956,8.481536313037687,53.639812,22.943713845382664,7.389461112871287,-6.893904700000001,109.45271909999998,8.344460499999997,0.989184958100716,2.2244519415605497,0.2656365444725129,0.7462520077221191,0.5737106191699767,0.4820155573364386,178e7720-4939-4df4-b9af-2a0a7e15ece3,Non-Event,42,event_labeled
1775973034.416,1775973035.416,20.94603588426396,9.387136776156272,51.555218,22.953316887089304,7.78941445,-6.893490900000001,109.4529924,9.682491,0.98258431741284,2.110479168821917,0.2830473214016216,0.7619049279066812,0.5865616953655348,0.4185559160512538,178e7720-4939-4df4-b9af-2a0a7e15ece3,Non-Event,43,event_labeled
1775973034.916,1775973035.916,23.776880460500003,10.263829201478346,58.704517,25.897610590748062,8.862745149748744,-6.8934909000000015,109.4529924,9.682491,1.149260118004407,3.071421354337233,0.3368804142173496,0.8578705392555613,0.6890909460504615,0.5571632079926948,178e7720-4939-4df4-b9af-2a0a7e15ece3,Non-Event,43,event_labeled
1775973042.916,1775973043.916,22.642636852763815,9.659082573447598,65.793274,24.61680076303209,7.616553174747474,-6.892576699999999,109.45335999999998,10.906964,1.053906895155276,2.6523250996472414,0.3829404846537092,0.8565909658184621,0.6417215625384727,0.4693640808430351,178e7720-4939-4df4-b9af-2a0a7e15ece3,Non-Event,44,event_labeled
1775973043.416,1775973044.416,20.90854639030612,8.458272699393843,53.273373,22.55459352799102,6.764509579487178,-6.8925767,109.45336,10.906964,0.970657519860104,2.9033721544388342,0.3888339567581902,0.8241086342460043,0.5911464060513059,0.4133905277392908,178e7720-4939-4df4-b9af-2a0a7e15ece3,Non-Event,44,event_labeled
1775973048.416,1775973049.416,23.362098312626262,11.208057326313222,74.286964,25.911545430536137,8.087963168527919,-6.8925767,109.45335999999998,10.906964,1.2135176297605703,2.9489567138330908,0.3519329229615221,0.9143902098760914,0.8175650203106493,0.5490160501605754,178e7720-4939-4df4-b9af-2a0a7e15ece3,Non-Event,45,event_labeled
1775973048.916,1775973049.916,19.22997646122449,7.86931099392912,58.994873,20.7778259261748,6.449893201025642,-6.8925767,109.45336,10.906964,0.979117444818948,2.163566467266779,0.305511198501513,0.7065821745441858,0.6503945038893337,0.5003686606739118,178e7720-4939-4df4-b9af-2a0a7e15ece3,Non-Event,45,event_labeled
1775973054.416,1775973055.416,17.451745089447236,6.138000348566402,44.89587,18.49968796888334,4.863159698989898,-6.8917017,109.45366830000002,9.072494000000004,0.7332451470557109,1.8779549897520869,0.2210702915021805,0.5564476795180634,0.5023144502918961,0.2731435466154038,178e7720-4939-4df4-b9af-2a0a7e15ece3,Pothole,46,event_labeled
1775973054.916,1775973055.916,18.200539993969848,7.102373888958173,50.121696,19.537230380242,5.135809173737374,-6.8917017,109.45366830000002,9.072494000000004,0.8277533370228837,2.1136073404958644,0.2692801685261632,0.5948903099217361,0.600115120040794,0.3239860298825135,178e7720-4939-4df4-b9af-2a0a7e15ece3,Pothole,46,event_labeled
1775973058.416,1775973059.416,20.339877973846157,9.47935905780724,53.681553,22.440340553070584,5.8359632381443305,-6.8917017,109.45366830000002,9.072494000000004,0.9837517508489276,2.9846887682177177,0.302770522715778,0.7389098311921538,0.7351557754534677,0.4178427792366869,178e7720-4939-4df4-b9af-2a0a7e15ece3,Non-Event,47,event_labeled
1775973058.916,1775973059.916,21.429968999492385,9.880853549418935,53.681553,23.59819565526715,6.301530322448979,-6.8917017000000005,109.45366830000002,9.072494000000004,1.0568489241675312,2.9846887682177177,0.3103888027324527,0.8474020715998677,0.7752110277218306,0.4052269503537804,178e7720-4939-4df4-b9af-2a0a7e15ece3,Non-Event,47,event_labeled
1775973063.916,1775973064.916,22.25507454111675,10.57986320916462,64.526535,24.64187185169377,6.818702782142856,-6.891053299999999,109.4538383,7.441338999999999,1.0613573633524558,3.315382239345676,0.3772342895946816,0.8720711567713126,0.7430644979459518,0.3903818120448125,178e7720-4939-4df4-b9af-2a0a7e15ece3,Pothole,48,event_labeled
1775973064.416,1775973065.416,19.681049594358974,9.794197780496544,64.526535,21.98340336024204,6.174421851546391,-6.8910533,109.4538383,7.441339,0.9762879444976696,3.315382239345676,0.3078244636023049,0.7450125271725199,0.6496499393040084,0.4683666380624431,178e7720-4939-4df4-b9af-2a0a7e15ece3,Pothole,48,event_labeled
1775973074.916,1775973075.916,18.611464275,8.102093190672152,57.799618,20.298534837025485,5.188715467336682,-6.890386300000002,109.45398750000004,8.041139000000001,0.8290231480273778,2.856151591986366,0.2800295461375955,0.6214613244535536,0.5637399909870452,0.3957151761489011,178e7720-4939-4df4-b9af-2a0a7e15ece3,Pothole,49,event_labeled
1775973075.416,1775973076.416,16.94916971282051,5.946915120829234,38.945408,17.962186765768234,4.520196268041237,-6.890386300000002,109.4539875,8.041139,0.7310258057758475,1.915152682270072,0.2464933978641717,0.5442685546054876,0.4947614662892697,0.301447743743032,178e7720-4939-4df4-b9af-2a0a7e15ece3,Pothole,49,event_labeled
1775973081.916,1775973082.916,18.31204852284264,6.205436115698235,41.207706,19.33490518437976,5.6162310816326535,-6.8897539,109.4541563,8.796217999999996,0.9466154389281166,2.2017828269537643,0.2458579675761209,0.6540233951363447,0.607654077464645,0.4841267283184889,178e7720-4939-4df4-b9af-2a0a7e15ece3,Non-Event,50,event_labeled
1775973082.416,1775973083.416,18.871521973869346,7.520568093991633,56.662533,20.31485382833454,5.71116405858586,-6.8897539,109.45415630000002,8.796217999999996,0.970916225020589,2.6027821004948244,0.2907048151766202,0.7064266743155546,0.642654991942383,0.470999593204871,178e7720-4939-4df4-b9af-2a0a7e15ece3,Non-Event,50,event_labeled
1775973086.416,1775973087.416,29.82390495837564,18.97758335791984,89.35887,35.34987944920065,8.95523136530612,-6.8897539,109.4541563,8.796217999999996,1.4961013333789464,5.422519734533591,0.5120133359395103,1.450242271047234,1.0325895948574628,0.6147266367491528,178e7720-4939-4df4-b9af-2a0a7e15ece3,Pothole,51,event_labeled
1775973086.916,1775973087.916,29.442466444387748,19.33153748897576,89.35887,35.22168610411168,8.718318901538462,-6.8897539000000005,109.4541563,8.796217999999996,1.4411964037001503,5.422519734533591,0.4962668479071431,1.4540310284329194,0.987242355714214,0.5991205555218465,178e7720-4939-4df4-b9af-2a0a7e15ece3,Pothole,51,event_labeled
1775973088.916,1775973089.916,19.73434684619289,8.083867331325061,63.260277,21.32588465870309,5.519295334693877,-6.8897539,109.4541563,8.796217999999996,0.9200715313720208,3.31261223180155,0.2823013623118837,0.7398736560176107,0.6319144690514487,0.3740410237883407,178e7720-4939-4df4-b9af-2a0a7e15ece3,Non-Event,52,event_labeled
1775973089.416,1775973090.416,21.565133446969696,9.26457260316259,63.260277,23.47098817913046,6.557373751269035,-6.8897539,109.4541563,8.796217999999996,1.08366813668191,3.31261223180155,0.3307846666159134,0.7821310278116363,0.8012504953324039,0.459119052166254,178e7720-4939-4df4-b9af-2a0a7e15ece3,Non-Event,52,event_labeled
1775973096.416,1775973097.416,22.40723505226131,8.804595401837576,58.39672,24.074988740959924,6.620956470707071,-6.889062100000004,109.45433699999994,7.7601833,1.0949167829450244,2.7923505999236147,0.3319967209137471,0.7357291436183462,0.7126778152245772,0.5971229420160734,178e7720-4939-4df4-b9af-2a0a7e15ece3,Pothole,53,event_labeled
1775973096.916,1775973097.916,20.90291439035533,8.822466800547822,58.39672,22.688493789965268,5.942867232653062,-6.889062100000004,109.45433699999997,7.760183299999999,1.0279164552160636,2.7923505999236147,0.3029833997220399,0.7380638470311263,0.6588678822879384,0.5532093618585366,178e7720-4939-4df4-b9af-2a0a7e15ece3,Pothole,53,event_labeled
1775973103.916,1775973104.916,22.036402224747476,11.41149569045603,60.661922,24.815826742306047,6.175328903553298,-6.888273,109.45444769999996,8.49295,1.0424794506605215,4.1252073081240415,0.3667238733200558,0.9214793210647664,0.6530594944755447,0.4731925527809936,178e7720-4939-4df4-b9af-2a0a7e15ece3,Pothole,54,event_labeled
1775973104.416,1775973105.416,16.96924517070707,7.160237851336211,57.65852,18.418042451663343,4.625976438578681,-6.888273,109.45444769999996,8.49295,0.7602205465813497,3.455736716045509,0.2535927688587555,0.6252399082372233,0.4705933749786173,0.3421487253218077,178e7720-4939-4df4-b9af-2a0a7e15ece3,Pothole,54,event_labeled
1775973108.916,1775973109.916,20.824400035897437,7.786144173315616,50.535095,22.232401533409337,6.298996572164949,-6.888273,109.45444769999996,8.492950000000002,1.0612349985149312,2.1782952968218634,0.3476622181019407,0.7688711753939267,0.6908238140682861,0.4960566338098066,178e7720-4939-4df4-b9af-2a0a7e15ece3,Pothole,55,event_labeled
1775973109.416,1775973110.416,23.523511454545453,11.220632851963355,72.56195,26.0625822348955,6.924156888324873,-6.888273,109.45444769999996,8.49295,1.1908670656120228,3.916154901694071,0.3473569939645628,0.9739275671244172,0.7248247148713081,0.5337219007933843,178e7720-4939-4df4-b9af-2a0a7e15ece3,Pothole,55,event_labeled
1775973112.416,1775973113.416,22.08782594619289,9.19168711184468,68.500786,23.924029071027388,7.545834317346939,-6.887566799999998,109.4546063,8.748815000000002,1.140856264159937,2.813481136338265,0.3839487000715041,0.8865330595848437,0.6363751252808282,0.5881929508247435,178e7720-4939-4df4-b9af-2a0a7e15ece3,Non-Event,56,event_labeled
1775973112.916,1775973113.916,25.14856096852792,11.055737000288998,72.91143,27.47142951153662,8.138946175510204,-6.887566799999998,109.4546063,8.748815000000002,1.287135823536799,3.1487509074758533,0.4245268129236803,1.0510094470885851,0.6525212752076862,0.6385072401207657,178e7720-4939-4df4-b9af-2a0a7e15ece3,Non-Event,56,event_labeled
1775973117.416,1775973118.416,24.584493845918363,10.527748163139716,76.73567,26.74379963742044,8.155006166153846,-6.887566799999999,109.4546063,8.748815000000004,1.2457066760214155,4.065970259749818,0.431157483660007,1.0244946950014957,0.7335991203666231,0.5994678691870255,178e7720-4939-4df4-b9af-2a0a7e15ece3,Non-Event,57,event_labeled
1775973117.916,1775973118.916,20.910174327363183,8.601488089308662,53.14384,22.6101965438436,7.268395067,-6.8875668,109.4546063,8.748815000000004,1.0730330800526378,2.509626484316192,0.3457394694578894,0.745288682459663,0.6781635720715515,0.5508379780258592,178e7720-4939-4df4-b9af-2a0a7e15ece3,Non-Event,57,event_labeled
1775973124.916,1775973125.916,25.1678449925,10.839982351747588,69.92448,27.403022441926115,7.756001381909548,-6.8866528,109.45483450000005,9.22765,1.276470741721387,3.275534610325084,0.3772561312224645,1.0520882854675202,0.7419290871277973,0.5169826667262415,178e7720-4939-4df4-b9af-2a0a7e15ece3,Non-Event,58,event_labeled
1775973125.416,1775973126.416,23.02014674,10.313114375933692,69.92448,25.224739524169973,7.065991314572864,-6.8866528,109.45483450000005,9.22765,1.180523128037567,2.804121632060565,0.3331876279605598,0.9575222103082824,0.6672007513323479,0.5032585281300992,178e7720-4939-4df4-b9af-2a0a7e15ece3,Non-Event,58,event_labeled
1775973130.416,1775973131.416,25.568562085714284,15.011514767358028,81.88561,29.649569014433144,8.542561258461538,-6.886323799489795,109.45491665714287,9.120773392857142,1.3342331318462652,4.019383024132871,0.3998324904501525,1.0842490080065914,0.8757069664450093,0.725683213577916,178e7720-4939-4df4-b9af-2a0a7e15ece3,Non-Event,59,event_labeled
1775973130.916,1775973131.916,24.21607455075377,14.797539182028189,81.88561,28.379313460535368,7.571223529292929,-6.885924708542713,109.45501631708542,8.991127738693468,1.1711504418716208,4.019383024132871,0.3432398081921518,0.9983863501929502,0.7976544728342803,0.6807419303947402,178e7720-4939-4df4-b9af-2a0a7e15ece3,Non-Event,59,event_labeled
1775973134.416,1775973135.416,23.13371071785714,15.728168730407024,87.269714,27.97398547203548,7.762545414358974,-6.8858567,109.4550333,8.969035000000002,1.0520612367172393,5.720980890237706,0.387618912001269,0.9988919712182598,0.6898564766557581,0.6030843115101864,178e7720-4939-4df4-b9af-2a0a7e15ece3,Pothole,60,event_labeled
1775973134.916,1775973135.916,22.9746389969697,15.711176071801516,91.70083,27.832985657313685,6.641589076142132,-6.8858567,109.4550333,8.969035,1.091808893457226,5.555527629490402,0.3564035185385547,1.073225517951404,0.6870979264551214,0.6315937116532792,178e7720-4939-4df4-b9af-2a0a7e15ece3,Pothole,60,event_labeled
1775973138.916,1775973139.916,23.875843247474744,16.000669643818593,92.32091,28.74156084537865,7.139353451776651,-6.8858567,109.4550333,8.969035,1.1476808959229314,8.66562901999546,0.3645899834798082,1.281953510890377,0.7695068119416414,0.5977341368438464,178e7720-4939-4df4-b9af-2a0a7e15ece3,Pothole,61,event_labeled
1775973139.416,1775973140.416,28.973455939086293,16.546228761060934,92.32091,33.36523393095776,9.293581673469388,-6.8858567,109.4550333,8.969035,1.4431049081440117,8.66562901999546,0.4551802450486219,1.425410799110153,0.8913626390190172,0.6748935410167921,178e7720-4939-4df4-b9af-2a0a7e15ece3,Pothole,61,event_labeled
1775973144.916,1775973145.916,21.150765296938776,7.473360879248296,51.824093,22.43225346410093,6.42173772102564,-6.885423299999999,109.4551017,5.1693554,1.0286581610993624,2.4064025011246057,0.304332177857471,0.7865755603244962,0.6501346127316726,0.4651346710787203,178e7720-4939-4df4-b9af-2a0a7e15ece3,Pothole,62,event_labeled
1775973145.416,1775973146.416,22.140167996482408,8.82627791612131,55.248238,23.83464329007411,7.069816572727274,-6.885423299999999,109.4551017,5.169355399999999,1.1145988123712087,3.356200674307372,0.3283365367674484,0.87929944769418,0.7094585712799238,0.4970266838359389,178e7720-4939-4df4-b9af-2a0a7e15ece3,Pothole,62,event_labeled
1775973156.416,1775973157.416,24.325629909230766,12.405088389449968,80.395836,27.30608885268868,7.242418220103093,-6.8847717,109.45518669999996,4.272194400000001,1.2008632734629734,4.852875774730511,0.3788648790325848,1.0067160435695213,0.8808221010140149,0.4757892133260081,178e7720-4939-4df4-b9af-2a0a7e15ece3,Pothole,63,event_labeled
1775973156.916,1775973157.916,25.412745676767678,12.639080004358451,80.395836,28.38228296294447,7.377985319796955,-6.8847717,109.45518669999996,4.272194400000001,1.2753262258990403,4.852875774730511,0.4001228592446698,1.0993142518895322,0.8671073583429463,0.4809450538867617,178e7720-4939-4df4-b9af-2a0a7e15ece3,Pothole,63,event_labeled
1775973163.916,1775973164.916,16.589802569387757,6.656109658202055,54.67511,17.875271888093764,4.681062383589744,-6.884658199999999,109.45473919999998,7.831056599999998,0.7529030021475529,1.870644062918705,0.2324711925805905,0.5155549441690634,0.5327336491715079,0.3300023590496501,178e7720-4939-4df4-b9af-2a0a7e15ece3,Non-Event,64,event_labeled
1775973164.416,1775973165.416,17.092608181407034,6.476800857020155,54.67511,18.27857225782692,4.90066053939394,-6.884658199999999,109.4547392,7.831056599999998,0.780070066715833,1.7364128364065672,0.2391537849997792,0.5103617315797666,0.5673935496526906,0.3575700144667397,178e7720-4939-4df4-b9af-2a0a7e15ece3,Non-Event,64,event_labeled
1775973165.916,1775973166.916,19.924849056345177,8.187949140053604,50.170322,21.54163691640549,5.892488423469388,-6.8846582,109.45473919999996,7.831056599999998,1.0193002707970404,2.3956813883471653,0.3016221681877748,0.7843792273016906,0.6879625731099694,0.4064079761598969,178e7720-4939-4df4-b9af-2a0a7e15ece3,Non-Event,65,event_labeled
1775973166.416,1775973167.416,20.424697030150757,8.38892720652181,50.170322,22.08036114853584,6.290754161616162,-6.884658199999999,109.4547392,7.831056599999998,1.0708510778598668,2.3956813883471653,0.2962299264820431,0.7698602070300478,0.7115998944834888,0.4632111557771442,178e7720-4939-4df4-b9af-2a0a7e15ece3,Non-Event,65,event_labeled
1775973169.416,1775973170.416,21.28607942741117,12.078020556390026,73.15747,24.473981244387616,6.899685533673468,-6.8846582,109.45473919999996,7.831056599999998,0.9704355309908488,2.731713756165715,0.3231847609265717,0.8190712896832407,0.5957655791242586,0.4489440276591359,178e7720-4939-4df4-b9af-2a0a7e15ece3,Speed Bump,66,event_labeled
1775973169.916,1775973170.916,30.28500144646465,17.922335533365136,91.50932,35.190786060883724,10.148890564467004,-6.884658199999999,109.45473919999998,7.831056599999998,1.5457605370805696,6.89073813805731,0.5161717727110311,1.4874484375206902,1.0477814715944718,0.5746981555216247,178e7720-4939-4df4-b9af-2a0a7e15ece3,Speed Bump,66,event_labeled
1775973173.916,1775973174.916,19.857373722222224,7.952302471719221,51.592514,21.39052139957587,5.886244220304569,-6.8846569,109.45404290000003,6.7403836,1.004694739884833,2.23846762223206,0.2962825914147008,0.7239447668252132,0.6980218258394089,0.4386516991596202,178e7720-4939-4df4-b9af-2a0a7e15ece3,Non-Event,67,event_labeled
1775973174.416,1775973175.416,21.31548281,9.631794502542483,72.927734,23.390623607818007,6.458873109547739,-6.8846569,109.45404290000002,6.7403836,1.0186281657537457,3.3287030325263323,0.3155179744091301,0.7774261407322689,0.7089793998135534,0.4002993507719291,178e7720-4939-4df4-b9af-2a0a7e15ece3,Non-Event,67,event_labeled
1775973179.416,1775973180.416,19.2642683115,8.065994393127905,65.376236,20.884738426119537,5.793947976884422,-6.8846569,109.45404290000002,6.7403836,0.9508603384787724,1.9781273718390204,0.2633814951724205,0.6443708432983274,0.685553786977732,0.4034156658044676,178e7720-4939-4df4-b9af-2a0a7e15ece3,Non-Event,68,event_labeled
1775973179.916,1775973180.916,18.651805397,8.039438387493204,65.376236,20.310647802417765,6.039452237185929,-6.8846569,109.45404290000002,6.7403836,0.8699911518356264,1.7719061623363417,0.2457178814469435,0.6113206220474362,0.5942510863486546,0.3883542449272789,178e7720-4939-4df4-b9af-2a0a7e15ece3,Non-Event,68,event_labeled
1775973182.916,1775973183.916,18.78012774591837,8.677857003815587,56.370632,20.688122204097795,5.701676197948718,-6.884721400000002,109.45336449999996,7.598501700000001,0.9093242707601746,2.9332634456192723,0.2810584716431692,0.7898881928159808,0.543270573290847,0.4008434588102534,178e7720-4939-4df4-b9af-2a0a7e15ece3,Non-Event,69,event_labeled
1775973183.416,1775973184.416,18.80318668844221,7.88345932812267,56.370632,20.388937211600187,5.683364111111112,-6.884721400000002,109.45336449999996,7.598501700000002,0.9159167744633429,2.9332634456192723,0.2417844264944005,0.7537104931065058,0.5502591650099475,0.4179864146659653,178e7720-4939-4df4-b9af-2a0a7e15ece3,Non-Event,69,event_labeled
1775973188.916,1775973189.916,16.193728249494946,5.695780378887681,37.422173,17.16620950422698,4.5085635390862935,-6.884721400000002,109.45336449999996,7.598501700000001,0.6997940844809994,1.8415450039830712,0.231645718323053,0.5027361759533632,0.4641494986313475,0.3243416971211392,178e7720-4939-4df4-b9af-2a0a7e15ece3,Pothole,70,event_labeled
1775973189.416,1775973190.416,20.451380233505155,10.771224738790728,72.540115,23.114459453531303,6.2737134994818655,-6.884721400000003,109.45336449999998,7.5985017,0.961144778559025,3.929149834987367,0.3016513510015179,0.887517577981144,0.6115165596067335,0.4150120867073339,178e7720-4939-4df4-b9af-2a0a7e15ece3,Pothole,70,event_labeled
1775973195.916,1775973196.916,26.69397854060913,13.033123074902504,82.755714,29.705736607801143,8.87710017857143,-6.884736399999997,109.45266300000002,7.587549999999997,1.3951616272703162,4.473187341922703,0.4780832486674093,1.1437596742596587,0.9445224179757516,0.6021345180030679,178e7720-4939-4df4-b9af-2a0a7e15ece3,Non-Event,71,event_labeled
1775973196.416,1775973197.416,27.03650753484848,12.994689071059526,82.755714,29.997244602386942,7.994027346192894,-6.884736399999998,109.45266300000002,7.587549999999997,1.464356985898705,4.473187341922703,0.49588672257141,1.119480228630493,0.9690969455757176,0.764629940817703,178e7720-4939-4df4-b9af-2a0a7e15ece3,Non-Event,71,event_labeled
1775973207.416,1775973208.416,20.38538602676768,11.171445388164384,74.14056,23.245755645301664,6.669458144162437,-6.884693900000001,109.4522318,4.201156599999999,0.946768437285198,4.174061041232807,0.3422670714501451,0.7891038873430655,0.6651981438847001,0.4348707080381672,178e7720-4939-4df4-b9af-2a0a7e15ece3,Non-Event,72,event_labeled
1775973207.916,1775973208.916,17.016798245728644,6.807177858025618,43.1207,18.327822918356333,4.861698752525253,-6.884693900000001,109.4522318,4.201156599999999,0.7920823709544492,2.230559109596058,0.2134784248759016,0.595183312144042,0.519822736575709,0.3895090502717487,178e7720-4939-4df4-b9af-2a0a7e15ece3,Non-Event,72,event_labeled
1775973229.916,1775973230.916,27.110204297979795,11.964875011787948,73.00119,29.6331134227558,9.054851401015227,-6.884271799999997,109.4511982,7.862417700000001,1.3777681754118256,3.9522542828033593,0.4361896138494706,1.163547657079829,0.7606109603251126,0.6456757350168283,178e7720-4939-4df4-b9af-2a0a7e15ece3,Pothole,74,event_labeled
1775973230.416,1775973231.416,23.729494765151514,11.580570232662277,73.00119,26.40451720298966,7.989676865482233,-6.884271799999997,109.4511982,7.862417700000001,1.221977720973555,3.9522542828033593,0.3693859396166516,1.0283781395824485,0.7268312676291209,0.5946845416224489,178e7720-4939-4df4-b9af-2a0a7e15ece3,Pothole,74,event_labeled
1775973236.916,1775973237.916,21.499217717676764,9.127570766502338,66.51262,23.35656033258268,7.272409293401015,-6.884107900000003,109.4504441,8.933895000000001,1.0882262236610043,2.39254441840951,0.3498485466251752,0.820757844716561,0.6721137629998186,0.5079941232706073,178e7720-4939-4df4-b9af-2a0a7e15ece3,Non-Event,75,event_labeled
1775973237.416,1775973238.416,21.641398224875623,9.457103484931537,66.51262,23.61751306662821,7.263849068,-6.884107900000003,109.4504441,8.933895000000003,1.0748941779061831,2.39254441840951,0.3426834555431796,0.8088476558099069,0.6653304386561316,0.5075482362558166,178e7720-4939-4df4-b9af-2a0a7e15ece3,Non-Event,75,event_labeled
1775973246.916,1775973247.916,23.194335581818184,9.37282951927219,59.732586,25.016537255970043,8.426613975634519,-6.883925200000001,109.4496265,9.036490999999998,1.25207082158247,2.871330787636849,0.3728599993735679,0.9027353516309288,0.7489125040814073,0.6610219373718741,178e7720-4939-4df4-b9af-2a0a7e15ece3,Non-Event,76,event_labeled
1775973247.416,1775973248.416,22.13094852979798,8.30306853106824,50.082245,23.637255125335155,7.635272841624364,-6.883925200000001,109.4496265,9.036490999999998,1.156911730242074,2.7285859407278155,0.3192755771411801,0.8207076353473503,0.670822587766097,0.6222869133523363,178e7720-4939-4df4-b9af-2a0a7e15ece3,Non-Event,76,event_labeled
1775973255.916,1775973256.916,21.107244757,6.904541181515821,44.359413,22.207847040160196,6.673770699497487,-6.883573299999999,109.44884329999996,9.173379999999998,1.0997397878685518,2.0951765613248443,0.3288236438209362,0.796985590963285,0.6545878293033576,0.529197974503444,178e7720-4939-4df4-b9af-2a0a7e15ece3,Non-Event,77,event_labeled
1775973256.416,1775973257.416,22.97046106180905,9.677811510656406,62.806637,24.92593262102502,7.488363774747476,-6.8835732999999975,109.4488433,9.173379999999996,1.204865769775029,3.0519906550612603,0.3398834260331346,0.956088696386614,0.6940324552076305,0.5397866900191981,178e7720-4939-4df4-b9af-2a0a7e15ece3,Non-Event,77,event_labeled
1775973262.416,1775973263.416,16.173509510659894,6.623415463121615,55.74384,17.477186337866993,4.048323173469388,-6.8833,109.44811499999996,7.241626699999999,0.7588752778391125,3.346767589082785,0.2433122655425091,0.6198033070695391,0.4741825004730891,0.3546794904152965,178e7720-4939-4df4-b9af-2a0a7e15ece3,Non-Event,78,event_labeled
1775973262.916,1775973263.916,19.204696473846155,10.608966176605875,67.52031,21.94015792989937,5.186745646391753,-6.8833,109.448115,7.241626699999998,0.880088572144295,4.432669631182208,0.3309852257238661,0.8121943424125312,0.5248890577169867,0.404868495847102,178e7720-4939-4df4-b9af-2a0a7e15ece3,Non-Event,78,event_labeled
1775973267.916,1775973268.916,21.260204257070704,12.328469043109797,82.60281,24.576155801900423,6.750401022335025,-6.883299999999999,109.44811499999996,7.2416266999999985,1.049016640820296,4.572682256362916,0.3461301157055814,0.9381716232656097,0.6934829400646526,0.4109257251968953,178e7720-4939-4df4-b9af-2a0a7e15ece3,Speed Bump,79,event_labeled
1775973268.416,1775973269.416,27.91136146767677,18.06588028906456,82.60281,33.24785902277202,9.501040685279186,-6.883299999999999,109.44811499999996,7.2416266999999985,1.3520562526740691,5.685608872407599,0.533894721234489,1.488633972435181,0.7610203854011777,0.4349978346857261,178e7720-4939-4df4-b9af-2a0a7e15ece3,Speed Bump,79,event_labeled
1775973279.416,1775973280.416,25.667286402010053,14.84739595637202,80.20299,29.65223023531455,9.21264652020202,-6.8830933000000005,109.44743330000004,7.538106999999997,1.4249824000575435,6.208611712597673,0.4484494583399564,1.3076960404325026,0.9243892265861616,0.5816555256146535,178e7720-4939-4df4-b9af-2a0a7e15ece3,Pothole,81,event_labeled
1775973279.916,1775973280.916,23.622003304102567,12.190214525494254,77.29669,26.58195572708305,7.928342690206185,-6.8830933,109.44743330000004,7.538106999999997,1.2568200333801047,6.208611712597673,0.3510372062178226,1.114063688591462,0.8252889809947144,0.5062558774952083,178e7720-4939-4df4-b9af-2a0a7e15ece3,Pothole,81,event_labeled
1775973281.916,1775973282.916,21.921541049748747,10.9371006040893,72.19551,24.49845161678161,6.559860172727272,-6.8830078,109.44683749999996,6.257013,1.0702773876218934,3.4891537608754435,0.3256917569018251,0.9186444162079742,0.6401822920270341,0.4529052039710125,178e7720-4939-4df4-b9af-2a0a7e15ece3,Non-Event,82,event_labeled
1775973282.416,1775973283.416,19.916031258883248,9.534868298555992,72.19551,22.080806474755917,5.450865862244898,-6.883007799999999,109.44683749999996,6.257013000000001,0.9283254699433134,2.532976282644096,0.2913571816089437,0.7580995986947009,0.5787723007111025,0.4449141273658031,178e7720-4939-4df4-b9af-2a0a7e15ece3,Non-Event,82,event_labeled
1775972580.916,1775972581.916,11.626539677114428,1.851839296269293,18.450592,11.773093630933342,1.808111349,-6.8941683000000005,109.4282717,2.9009745,0.3110254328447502,0.876790130798272,0.1170819229510023,0.2099915998982372,0.1609724344436532,0.18300144107959,178e7720-4939-4df4-b9af-2a0a7e15ece3,Non-Event,-1,background
1775972953.916,1775972954.916,25.31526470646766,12.379740334512915,72.8062,28.18014545577246,7.88959209,-6.892137499999999,109.44337219999998,14.374064,1.1385991416491248,4.982683901225448,0.3988849195194175,1.079626331325043,0.7236803891041699,0.4229532800722649,178e7720-4939-4df4-b9af-2a0a7e15ece3,Non-Event,-1,background
1775972603.916,1775972604.916,12.0657628019802,2.923809942221894,24.16868,12.414962608557651,2.3663805671641795,-6.89414,109.42865830000002,1.843735,0.4343846964068388,0.8670942968832744,0.1231730387815822,0.2266961068144727,0.2881733308871156,0.2774568369223625,178e7720-4939-4df4-b9af-2a0a7e15ece3,Non-Event,-1,background
1775972538.916,1775972539.916,11.361789949238576,1.6877009973930264,17.421877,11.48645312997969,1.8332246224489792,-6.8942167,109.42732170000002,1.8226314,0.4747931339576648,1.0100816447508092,0.1230652883703171,0.1272073725148775,0.2730170483986136,0.277545953377445,178e7720-4939-4df4-b9af-2a0a7e15ece3,Non-Event,-1,background
1775972531.916,1775972532.916,11.80414622562814,2.2975009038646794,19.310253,12.025655014146636,2.425893581818182,-6.894251800000002,109.42694189999996,1.3463074000000004,0.3844604247083253,0.7884458980924118,0.1433262951752265,0.1921263101694665,0.2667851843861737,0.2537453915133344,178e7720-4939-4df4-b9af-2a0a7e15ece3,Non-Event,-1,background
1775972891.416,1775972892.416,16.064399155555556,5.488752944677627,29.85469,16.97619890071748,5.557714184771573,-6.892613299999998,109.436275,6.919410699999999,0.8625425133789429,1.6549031486596912,0.2716279977079114,0.6031718717357063,0.5000132401251022,0.4435333255885048,178e7720-4939-4df4-b9af-2a0a7e15ece3,Non-Event,-1,background
1775972294.916,1775972295.916,24.49395795707071,10.115051969228071,62.270348,26.500344389138267,8.012488005076142,-6.8957427,109.40712770000005,9.986261,1.1450497455733708,2.83129105693189,0.3535112874324748,0.8695590719749159,0.6896711816351171,0.5534641413266235,178e7720-4939-4df4-b9af-2a0a7e15ece3,Non-Event,-1,background
1775972993.916,1775972994.916,18.166130034183677,5.533529259624427,35.68954,18.99021396630353,4.869822915897436,-6.8926967,109.44922169999998,14.773558000000005,0.693647623782635,1.7266108234866506,0.23641133403635,0.5387208734531393,0.4513618545170875,0.3002689684266076,178e7720-4939-4df4-b9af-2a0a7e15ece3,Non-Event,-1,background
1775972901.916,1775972902.916,19.519689108500003,7.770249290214608,48.476974,21.009403535668834,6.258438013065327,-6.892528299999999,109.4373515,12.087666000000002,0.903729452605511,2.18537902350342,0.2693517063690758,0.706149870632916,0.5800335150975366,0.3980103724615459,178e7720-4939-4df4-b9af-2a0a7e15ece3,Non-Event,-1,background
1775972943.416,1775972944.416,18.755116314070357,6.333879665938445,41.536423,19.79576771880536,5.684529297979797,-6.892092400000002,109.44217749999996,13.649715,0.823394511679145,2.0292975081062536,0.2730271669480987,0.602934106655889,0.5509750929289353,0.3870012715268199,178e7720-4939-4df4-b9af-2a0a7e15ece3,Non-Event,-1,background
1775972921.416,1775972922.416,17.235979248258708,6.186261767841539,36.78117,18.312531646570957,5.459751006000001,-6.892307300000001,109.4395359,13.983734999999998,0.69704604284358,1.7331592361836663,0.2677775681806948,0.598139203468598,0.3792344033720152,0.3176801924269299,178e7720-4939-4df4-b9af-2a0a7e15ece3,Non-Event,-1,background
1775972482.916,1775972483.916,15.536480191370558,4.178217355246777,25.361483,16.088496418389607,4.688955824489796,-6.894278900000002,109.4249997,16.456501,0.7854833515263694,1.5893015225347422,0.3011402179739519,0.6386250385978232,0.3698486982274553,0.4046212382980924,178e7720-4939-4df4-b9af-2a0a7e15ece3,Non-Event,-1,background
1775972474.916,1775972475.916,15.855185355612244,4.759024854318169,33.2621,16.55400918885933,4.820217228717948,-6.894230399999999,109.4234113,14.798427,0.6271029812926047,1.4318701653126584,0.2234401420565282,0.5113977889722364,0.3343858988030185,0.2944353511258474,178e7720-4939-4df4-b9af-2a0a7e15ece3,Non-Event,-1,background
1775972816.416,1775972817.416,10.831663479797982,1.2249931860830847,14.294331,10.900712914554685,1.4835500862944162,-6.892870000000001,109.43462,0.0,0.1938505701144859,0.4638854273282358,0.0724318293578557,0.1147204344940381,0.0928875847048952,0.1507120159276654,178e7720-4939-4df4-b9af-2a0a7e15ece3,Non-Event,-1,background
1775972750.416,1775972751.416,10.864301522613069,1.1786217974616846,14.4827385,10.92804634487356,1.4121258282828282,-6.892881999999999,109.43460439999996,1.317767,0.2011894393456638,0.4554245143613264,0.0907935270689686,0.1152595970816112,0.0981229451441536,0.1561349064274117,178e7720-4939-4df4-b9af-2a0a7e15ece3,Non-Event,-1,background
1775972874.916,1775972875.916,14.893920282587064,4.02345756544515,26.204647,15.427801922665337,3.710182372,-6.892799999999998,109.434985,4.688090000000001,0.557692761368889,1.487289932908594,0.1709140654091009,0.4067266579373809,0.3642923647719217,0.2276577976337788,178e7720-4939-4df4-b9af-2a0a7e15ece3,Non-Event,-1,background
1775972338.916,1775972339.916,15.698805507035177,4.263983965299448,28.78739,16.267576758818407,4.48279006969697,-6.893465099999999,109.40909710000004,14.848360000000005,0.5782429077945561,1.3815736846130395,0.1907188080935678,0.461151043469629,0.3182445572291077,0.2844920995853996,178e7720-4939-4df4-b9af-2a0a7e15ece3,Non-Event,-1,background
1775972932.916,1775972933.916,19.290430518367344,7.990927168246882,52.700386,20.88002937239755,6.071294768205129,-6.892176300000001,109.44096779999995,14.897009999999996,0.8209166018269238,2.494553122085447,0.2886072436534194,0.6670285129982046,0.5067713368039662,0.427014394019009,178e7720-4939-4df4-b9af-2a0a7e15ece3,Non-Event,-1,background
1775972363.416,1775972364.416,15.247777364321609,4.9271709266483406,46.12444,16.02409834880974,4.468142772727273,-6.893717899999999,109.4115986,13.326381,0.6198671102380999,2.0644686883448364,0.203798969988671,0.4678557468125887,0.4149298390604416,0.2991184499763933,178e7720-4939-4df4-b9af-2a0a7e15ece3,Non-Event,-1,background
1775972774.916,1775972775.916,10.7434603325,1.1130666207032232,13.7185135,10.800965568787111,1.4974280251256282,-6.892868500000002,109.43462300000004,0.08928145,0.1864206400212324,0.3803384465265771,0.0742419288086986,0.1078354629656991,0.1011355533493745,0.1360637164270216,178e7720-4939-4df4-b9af-2a0a7e15ece3,Non-Event,-1,background
1775973090.416,1775973091.416,18.08840717979798,6.556846739383372,46.651978,19.240132885869823,5.020515724873096,-6.889341615151518,109.45426398989896,8.178783178787876,0.9177302308285088,2.319660441386036,0.3082286660532715,0.6512519413746402,0.6319628974827316,0.380759449266756,178e7720-4939-4df4-b9af-2a0a7e15ece3,Non-Event,-1,background
1775972354.416,1775972355.416,15.804967511055276,4.6270227720017605,39.40858,16.468343503769155,4.527096563636364,-6.8935844,109.4103566,13.817240999999996,0.5834725434569911,1.4797598087400874,0.2059530508777259,0.4668648907173829,0.3033188270991809,0.3145711555384273,178e7720-4939-4df4-b9af-2a0a7e15ece3,Non-Event,-1,background
1775972259.416,1775972260.416,27.02289345918367,11.84594154913493,69.76205,29.505306337876124,8.576872861538462,-6.899016699999998,109.40690500000002,9.420445999999998,1.341012832911425,3.433966908319189,0.4285824604553705,1.0070930676545282,0.974096462134538,0.5137546288537935,178e7720-4939-4df4-b9af-2a0a7e15ece3,Non-Event,-1,background
1775972292.916,1775972293.916,25.349841587,9.425158314849307,51.88602,27.045296776814403,7.590985553768844,-6.8957427,109.40712770000002,9.986261,1.329730036894845,3.3325970649076746,0.4161815088728752,0.9955330592501984,0.8590928975941625,0.5823475660038023,178e7720-4939-4df4-b9af-2a0a7e15ece3,Non-Event,-1,background
1775972553.416,1775972554.416,13.283564889949748,3.9136178269572026,24.472097,13.84808653500486,3.3881818424242427,-6.894208299999999,109.4275783,3.4985669000000006,0.4848186627449395,1.005163202078399,0.1608251845997739,0.3412967842508304,0.2972280947098276,0.2473963186950085,178e7720-4939-4df4-b9af-2a0a7e15ece3,Non-Event,-1,background
1775972535.416,1775972536.416,14.9240088071066,4.319826038237145,28.45367,15.536632063456578,4.012913862244898,-6.894251800000001,109.4269419,1.3463074000000004,0.6125044225335412,1.1660511479052924,0.2184703629458822,0.3109886042055714,0.4136961304110119,0.396168361291532,178e7720-4939-4df4-b9af-2a0a7e15ece3,Non-Event,-1,background
1775973141.416,1775973142.416,16.766498796984926,6.155460573334063,37.279938,17.860716020898128,5.045894945454545,-6.885423299999999,109.4551017,5.169355399999999,0.6816087058438711,1.5476444480746376,0.2126217451111209,0.5404426485192992,0.4091658381521628,0.3049564666439727,178e7720-4939-4df4-b9af-2a0a7e15ece3,Non-Event,-1,background
1775972372.916,1775972373.916,14.879344506565657,4.357715600502285,33.362267,15.504340624480829,3.892736337055837,-6.8938424,109.41278009999996,9.793191000000002,0.6901239660614547,1.6493520701797568,0.3160402183799942,0.573588178486408,0.3735208252621217,0.3195751154081739,178e7720-4939-4df4-b9af-2a0a7e15ece3,Non-Event,-1,background
1775973046.416,1775973047.416,19.164745009183672,6.571201111647747,36.970856,20.260013211169216,6.280746980512821,-6.8925767,109.45336,10.906964,0.946904962278261,1.962984856268,0.3438379191952437,0.7259573610013411,0.5328080069185819,0.4706867016881736,178e7720-4939-4df4-b9af-2a0a7e15ece3,Non-Event,-1,background
1775972456.416,1775972457.416,17.246376943434342,4.482306969721341,30.283024,17.819332014580013,4.814388377664974,-6.894239999999996,109.4205767,13.544584,0.6670353085108112,1.540577520807736,0.2219550809387571,0.5219926988479896,0.3848935928825542,0.3255741881381387,178e7720-4939-4df4-b9af-2a0a7e15ece3,Non-Event,-1,background
1775973293.916,1775973294.916,17.116491091959798,5.792980387671013,38.211254,18.07022105767055,5.467243517171718,-6.8828671,109.446448,5.198667500000001,0.8105640611393556,1.947850886634421,0.301396216139858,0.7050459308714953,0.378142952975565,0.3486256323953105,178e7720-4939-4df4-b9af-2a0a7e15ece3,Non-Event,-1,background
1775973114.916,1775973115.916,20.32544709899497,6.788001942286718,37.085236,21.42897034723161,6.688606003030303,-6.887566799999999,109.4546063,8.748815000000004,1.1116876974824526,2.717080998802761,0.3586290258720802,0.8099796704350585,0.6397874314525591,0.5684346594213564,178e7720-4939-4df4-b9af-2a0a7e15ece3,Non-Event,-1,background
1775973171.916,1775973172.916,19.7624898459596,8.406070653792737,54.86638,21.47598725898792,5.854081969543147,-6.8846569,109.45404290000003,6.7403836,0.950992655946919,2.44656410266265,0.2949781652670161,0.7568439697103285,0.6173168270880157,0.422267433862074,178e7720-4939-4df4-b9af-2a0a7e15ece3,Non-Event,-1,background
1775972849.416,1775972850.416,10.89034319949495,1.2253002496614147,14.315546,10.959057245247248,1.464756807106599,-6.892870000000001,109.43462,0.0,0.2114515670224337,0.4062110691127829,0.0782512093648727,0.1168338945825707,0.1109341500275663,0.1571421579252857,178e7720-4939-4df4-b9af-2a0a7e15ece3,Non-Event,-1,background
1775972240.416,1775972241.416,16.3862658375,5.40644951553598,36.82084,17.255126903655587,4.649889294472362,-6.8993917,109.40727169999998,0.5456055400000002,0.754156625826133,1.578113000251408,0.2695972546916073,0.5068118500816806,0.5558220748740497,0.3220300753405619,178e7720-4939-4df4-b9af-2a0a7e15ece3,Non-Event,-1,background
1775972916.416,1775972917.416,17.05105760353535,5.551431372372595,40.84621,17.932009248303533,5.050277197969543,-6.8924118,109.4383925,12.268272,0.6600445822587672,2.079387023747924,0.2493896853094179,0.5408310727404586,0.3652348947421055,0.3352249385121654,178e7720-4939-4df4-b9af-2a0a7e15ece3,Non-Event,-1,background
1775972630.916,1775972631.916,13.469446009183676,3.2897919262843955,23.726696,13.86537798664573,3.799899048205128,-6.894120000000001,109.4290083,3.9031385999999983,0.4507463047458264,0.9337648993121878,0.1559084336062131,0.2989345009510122,0.2084542306185617,0.3200344306349063,178e7720-4939-4df4-b9af-2a0a7e15ece3,Non-Event,-1,background
1775972892.416,1775972893.416,17.784980873,6.240982763606334,33.991028,18.848220353885065,5.721906796984924,-6.892613299999998,109.436275,6.919410700000001,0.9669353667353824,2.0553714509183005,0.3316419719408348,0.7808665882976276,0.5387937952047155,0.4217351719868501,178e7720-4939-4df4-b9af-2a0a7e15ece3,Non-Event,-1,background
1775973133.416,1775973134.416,21.87610340150753,14.071137646896728,84.15781,26.010782662414528,6.248540656565658,-6.8858567,109.4550333,8.969035000000002,1.0171066989125723,6.872879924986413,0.3400770128657117,1.0306686591751943,0.6204682427626418,0.5570220275489454,178e7720-4939-4df4-b9af-2a0a7e15ece3,Non-Event,-1,background
1775972752.416,1775972753.416,10.82311370351759,0.9732825377981172,14.001114,10.866787434088003,1.0960577424242424,-6.892881999999999,109.43460439999996,1.317767,0.1935555774750753,0.3780539523761792,0.0795381004578956,0.106816752802714,0.1021468990147169,0.1483924649799347,178e7720-4939-4df4-b9af-2a0a7e15ece3,Non-Event,-1,background
1775972253.916,1775972254.916,19.0844188,7.70101266295611,50.142635,20.57961702677685,5.95708907715736,-6.899348300000001,109.40694170000002,3.337458799999999,0.927668578560217,2.1597900989592715,0.3313886526515808,0.6470838324703525,0.665235053499604,0.3797507204109272,178e7720-4939-4df4-b9af-2a0a7e15ece3,Non-Event,-1,background
1775973198.416,1775973199.416,27.90938804747475,12.98169148531654,80.384315,30.780809849717503,8.936463325888326,-6.884736399999998,109.45266300000002,7.587549999999997,1.46102172059983,4.753104315408256,0.4162080049851177,1.2551101062503918,0.8593594638608564,0.5790211665802594,178e7720-4939-4df4-b9af-2a0a7e15ece3,Non-Event,-1,background
1775972409.916,1775972410.916,15.365786476884422,4.176853362078121,33.035553,15.923363277320137,4.028278537878789,-6.8940850000000005,109.41645500000004,13.241229000000002,0.5814129564618983,1.3594080454604127,0.2078254087373435,0.4904714756718514,0.2720563685905419,0.2893509832234145,178e7720-4939-4df4-b9af-2a0a7e15ece3,Non-Event,-1,background
1775972432.416,1775972433.416,16.72157952222222,4.09901703827799,28.197786,17.216653635305985,4.355155011167513,-6.894200700000002,109.41841999999998,10.810950999999998,0.7084835147611953,1.4533171825065407,0.358518092964457,0.5985987630625047,0.3112506515178552,0.3804937149398028,178e7720-4939-4df4-b9af-2a0a7e15ece3,Non-Event,-1,background
1775973129.416,1775973130.416,20.081393977,8.534949671497452,48.74969,21.81989344507636,6.479075950753768,-6.8866528,109.45483450000005,9.22765,0.9546769458253036,2.291667497650185,0.275757753901863,0.6951495905764894,0.6142998655257931,0.4476638530403588,178e7720-4939-4df4-b9af-2a0a7e15ece3,Non-Event,-1,background
1775972583.916,1775972584.916,11.924022902525252,2.099877400694368,18.689165,12.107510366623425,2.153556637563452,-6.8941683000000005,109.42827170000004,2.9009745,0.4130663978676985,1.1568087221695296,0.14460434823217,0.2055341236054358,0.2609292862288371,0.28326743398447,178e7720-4939-4df4-b9af-2a0a7e15ece3,Non-Event,-1,background
1775973062.416,1775973063.416,18.121763519597987,7.394137773933901,57.825054,19.57221465445719,5.007590993434343,-6.891053299999999,109.4538383,7.441338999999999,0.759598096999605,2.308570822637084,0.2474138164265482,0.5921501458218235,0.4858551308233877,0.3640965186444418,178e7720-4939-4df4-b9af-2a0a7e15ece3,Non-Event,-1,background
1775972528.916,1775972529.916,12.216809373366836,3.146693765714136,23.72275,12.61555044064142,2.912735028282828,-6.894251800000002,109.42694189999996,1.3463074000000004,0.4817482059282432,1.041688148361831,0.1673403497100958,0.2996906842246116,0.3104896544773337,0.2796739833105494,178e7720-4939-4df4-b9af-2a0a7e15ece3,Non-Event,-1,background
1775972536.416,1775972537.416,12.48615053857868,2.929632477416566,21.591055,12.82523690716014,2.5206406265306125,-6.894251800000001,109.4269419,1.3463074000000004,0.4539990874366752,1.3361121851120925,0.16170467273744,0.2666203510489884,0.334440309451246,0.2654450823556673,178e7720-4939-4df4-b9af-2a0a7e15ece3,Non-Event,-1,background
1775973137.916,1775973138.916,13.25019900148515,3.4087924800779628,27.705812,13.681653399761087,2.580498802985075,-6.885856700000001,109.4550333,8.969035000000002,0.4979081869888928,1.238527996630476,0.1503994072321251,0.3566620378980536,0.3151399367362603,0.2616283638255461,178e7720-4939-4df4-b9af-2a0a7e15ece3,Non-Event,-1,background
1775973020.416,1775973021.416,15.71924226974359,5.901914055692008,44.326168,16.790686914348335,3.3668846793814438,-6.893857180512821,109.45261804923076,8.888788041025638,0.8758211647176426,2.2271621530057595,0.2755938157723333,0.5456252503702016,0.4198311668814878,0.3102385995048115,178e7720-4939-4df4-b9af-2a0a7e15ece3,Non-Event,-1,background
1775972835.416,1775972836.416,10.88854405778894,1.2388768703919322,14.973101,10.958795900937432,1.4677910757575756,-6.892870000000002,109.43462,0.0,0.1940078743899152,0.4311684957400645,0.0811325065317007,0.1205385429215897,0.0986275970533114,0.1489143406085404,178e7720-4939-4df4-b9af-2a0a7e15ece3,Non-Event,-1,background
1775972989.916,1775972990.916,17.264341863316584,5.317826991725165,32.95276,18.06479404497561,4.998447906060607,-6.892577671859296,109.4485658879397,14.981919296482417,0.6788739695958683,1.791764789730714,0.248594767151179,0.5382122226868631,0.3883700175111699,0.3247175707413399,178e7720-4939-4df4-b9af-2a0a7e15ece3,Non-Event,-1,background
1775973064.916,1775973065.916,20.06734623282828,8.20672566143411,53.330276,21.68060725418568,5.262767709644669,-6.891053299999999,109.4538383,7.441338999999999,1.1075233287274486,3.047389303029521,0.3087381298552295,0.702534984266613,0.7777481392362484,0.5964900188897971,178e7720-4939-4df4-b9af-2a0a7e15ece3,Non-Event,-1,background
1775972570.916,1775972571.916,12.833410496482411,3.169518216650944,23.027536,13.219011714077082,3.467133456565656,-6.8941966999999975,109.4279933,1.9574887,0.4074887794708882,0.9070845820022794,0.1687409913178583,0.2687270394109402,0.242686372018331,0.260145821983587,178e7720-4939-4df4-b9af-2a0a7e15ece3,Non-Event,-1,background
1775972491.416,1775972492.416,13.88499799346734,3.877832413130329,30.382435,14.416336341210831,3.5306906646464644,-6.894294400000001,109.426027,8.338126,0.5769049216672972,1.33530815556279,0.1860714332588765,0.4141548363060725,0.3656622022728694,0.291468237016352,178e7720-4939-4df4-b9af-2a0a7e15ece3,Non-Event,-1,background
1775972838.416,1775972839.416,10.878669309045229,1.3884265749927005,17.11978,10.966912705484097,1.603385611111111,-6.892870000000002,109.43462,0.0,0.2095624832026145,0.501179842191154,0.0778087638795607,0.1240421432636025,0.1120121533067357,0.1562708465365769,178e7720-4939-4df4-b9af-2a0a7e15ece3,Non-Event,-1,background
1775973233.916,1775973234.916,19.83252330717949,7.168757909634152,46.29007,21.08838710515244,6.551974722680413,-6.884107900000002,109.4504441,8.933895000000001,1.0278462388401846,2.431090042167299,0.3553084783619986,0.7520194204359896,0.612998875249129,0.4964700974827993,178e7720-4939-4df4-b9af-2a0a7e15ece3,Non-Event,-1,background
1775973043.916,1775973044.916,22.484716568181817,9.321321336179448,55.26136,24.34028575435761,7.101864390862945,-6.8925767,109.45335999999998,10.906964,1.018301910104186,2.9033721544388342,0.3971228488305734,0.8411275206067093,0.6486502976023125,0.425246032903981,178e7720-4939-4df4-b9af-2a0a7e15ece3,Non-Event,-1,background
1775972636.416,1775972637.416,13.69127785959596,3.2864112073253877,21.711744,14.080184233606335,2.9656438060913706,-6.894120000000001,109.4290083,3.9031385999999983,0.4839266783855159,0.8933962482606753,0.1684554558548502,0.3842146927298275,0.2378500806400808,0.2466708476787813,178e7720-4939-4df4-b9af-2a0a7e15ece3,Non-Event,-1,background
1775972994.416,1775972995.416,18.10730638939394,5.7852840873302736,40.174633,19.00905196611613,5.053873481218274,-6.8926967,109.4492217,14.773558000000005,0.6983279759517906,1.7266108234866506,0.2444193117329351,0.568442630987519,0.4296050413412188,0.2897251223474825,178e7720-4939-4df4-b9af-2a0a7e15ece3,Non-Event,-1,background
1775972590.916,1775972591.916,11.857443834010152,2.3968521825684017,20.489452,12.097267239413547,2.4118023591836737,-6.894151699999997,109.4284917,1.8051308,0.34464260649092,0.7490875067790812,0.1192321858391071,0.2331257290232659,0.1933981498044277,0.2045946399522203,178e7720-4939-4df4-b9af-2a0a7e15ece3,Non-Event,-1,background
1775972734.416,1775972735.416,13.2022443445,3.109762825858674,22.556759,13.563549703708642,2.706256048743718,-6.893111899999999,109.43387400000005,8.254368,0.5193307820684248,1.2135597714600836,0.15066833698179,0.2985926175853375,0.3100876898114939,0.3082706045728414,178e7720-4939-4df4-b9af-2a0a7e15ece3,Non-Event,-1,background
1775973215.416,1775973216.416,14.77213834673367,4.483720583296777,33.1313,15.437610618360551,3.659748747474748,-6.884681,109.4522062,2.4447591,0.6105901046001226,1.5116620991581584,0.187765010140913,0.4275382479635186,0.4183390613167879,0.2667129582679939,178e7720-4939-4df4-b9af-2a0a7e15ece3,Non-Event,-1,background
1775972262.916,1775972263.916,27.50324949296482,12.519058853859022,79.602715,30.21846401223357,8.52973652929293,-6.899016699999998,109.40690500000002,9.420445999999998,1.1974890187539158,4.353294997793339,0.4087690586108821,1.0517411844600997,0.7605064881687256,0.4807817382738664,178e7720-4939-4df4-b9af-2a0a7e15ece3,Non-Event,-1,background
1775972285.416,1775972286.416,25.676032022,12.92647990529306,69.911026,28.74634764864425,8.1910429160804,-6.8968191,109.4070534,11.824939,1.2482985283848094,3.9432217592636114,0.3797571182194241,1.0794300276152025,0.7910125775831081,0.5281850362709741,178e7720-4939-4df4-b9af-2a0a7e15ece3,Non-Event,-1,background
1775973158.416,1775973159.416,19.32964252361809,8.017272257397783,53.02556,20.926340686802,6.07457316969697,-6.8847717,109.45518669999996,4.272194400000001,0.9527181557805484,2.3747708912190357,0.31731635800509,0.7024573302110085,0.6852011154455988,0.3909696118586861,178e7720-4939-4df4-b9af-2a0a7e15ece3,Non-Event,-1,background
1775972673.416,1775972674.416,16.713493342211052,4.732902818878117,41.572796,17.370700296564838,3.65047411010101,-6.8939966,109.42988119999995,1.5907210000000005,0.8846696843686348,2.2386874119182534,0.2267667446224847,0.4848245581552433,0.6209475395757449,0.5279300901941661,178e7720-4939-4df4-b9af-2a0a7e15ece3,Non-Event,-1,background
1775972736.416,1775972737.416,14.158154744444444,3.5370730843727616,24.680628,14.593294068572352,3.4553797065989844,-6.893111899999999,109.43387400000005,8.254368,0.5901478666981727,1.211989302242392,0.184470091382455,0.3796057001811212,0.408044660345051,0.2702990912191661,178e7720-4939-4df4-b9af-2a0a7e15ece3,Non-Event,-1,background
1775973040.416,1775973041.416,22.88369544773869,8.779815780926151,57.62748,24.510175080807898,6.999697130303031,-6.892765052763819,109.45328426331656,10.65468564321608,1.056867530333256,2.935411036406358,0.3142868042136568,0.8514153403594387,0.5935542986098062,0.4848025945831627,178e7720-4939-4df4-b9af-2a0a7e15ece3,Non-Event,-1,background
1775972746.916,1775972747.916,11.703213874489796,1.8096123509657585,16.840075,11.842293352759771,1.5567237805128202,-6.892983899999999,109.43426569999998,6.85359,0.3964188768753675,0.8508603546558037,0.1155711593219957,0.2273385797654709,0.2775480197227824,0.2257459422155962,178e7720-4939-4df4-b9af-2a0a7e15ece3,Non-Event,-1,background
1775972339.416,1775972340.416,15.969734439593909,4.548446092725384,29.720076,16.604842062771347,4.52808646632653,-6.893465099999999,109.40909710000004,14.848360000000005,0.6127425574635239,1.4447321950689511,0.2198922671528875,0.487705885568697,0.3372078103315967,0.3079020850486183,178e7720-4939-4df4-b9af-2a0a7e15ece3,Non-Event,-1,background
1775972629.916,1775972630.916,12.24753805959596,2.7201056913369954,20.422613,12.5459620393693,2.804287098477157,-6.894120000000001,109.4290083,3.9031385999999983,0.4150057409972973,1.0234006952160772,0.133291414281218,0.2756776038417826,0.2581760333503562,0.2337084093424666,178e7720-4939-4df4-b9af-2a0a7e15ece3,Non-Event,-1,background
1775972396.916,1775972397.916,17.12581242121212,4.985771851914022,32.792618,17.836798256578493,5.051839412182741,-6.89401373030303,109.4148356939394,10.24956996969697,0.8917953231150585,1.7765271858407483,0.3315210610034419,0.80017422104503,0.4029519847069686,0.3310694749460635,178e7720-4939-4df4-b9af-2a0a7e15ece3,Non-Event,-1,background
1775972864.416,1775972865.416,13.129316982233505,3.114262823955259,24.076618,13.493613206129588,2.4463126887755102,-6.89287,109.43462,0.0,0.4054150015589317,1.1603949269684009,0.1516343783043137,0.3126270547763885,0.2251058077285277,0.2256865294878447,178e7720-4939-4df4-b9af-2a0a7e15ece3,Non-Event,-1,background
1775972391.916,1775972392.916,14.234046234170853,3.696311715765357,24.497347,14.706148118954117,3.6226443979797978,-6.893979299999998,109.414496,10.706531,0.6062689948954869,1.3056771579457342,0.2117774709687975,0.351395541655561,0.4209287696173747,0.351533702331301,178e7720-4939-4df4-b9af-2a0a7e15ece3,Non-Event,-1,background
1775972512.916,1775972513.916,14.505276871859298,3.777893114713465,25.188755,14.98918054849883,3.6482672121212127,-6.8942843,109.42657940000004,2.1543369999999995,0.5716013200502464,1.350775660153269,0.2037815274376604,0.3318360912373239,0.3311362908332748,0.4049539631292126,178e7720-4939-4df4-b9af-2a0a7e15ece3,Non-Event,-1,background
1775972467.916,1775972468.916,16.915661809137056,5.5753352242055865,47.662174,17.81078261344418,4.737077036734694,-6.894230399999998,109.4234113,14.798427000000002,0.6466465450096102,2.1159862491061348,0.240529591856525,0.544649018397331,0.3564576194042352,0.3055940535894332,178e7720-4939-4df4-b9af-2a0a7e15ece3,Non-Event,-1,background
1775972903.916,1775972904.916,19.6129295165,7.028499792916201,43.512276,20.834270170999996,6.863943976884422,-6.892528299999999,109.4373515,12.087666000000002,0.9583918477689884,2.1711024842531064,0.3150739594190129,0.758943302159685,0.5839648081633027,0.4213584638296909,178e7720-4939-4df4-b9af-2a0a7e15ece3,Non-Event,-1,background
1775973191.916,1775973192.916,17.559209693467338,6.671858037937838,52.69249,18.78402339057192,4.993130772727273,-6.884736399999998,109.45266300000002,7.587549999999997,0.799549482847981,2.2291258788480293,0.2141607711397531,0.6085340315799508,0.4572232273360226,0.4108197946753725,178e7720-4939-4df4-b9af-2a0a7e15ece3,Non-Event,-1,background
1775972634.416,1775972635.416,13.178230763775511,3.1109419774176184,22.618563,13.54044777879145,2.949253018461538,-6.894120000000001,109.4290083,3.9031385999999983,0.429909050679223,1.0649676803341264,0.1533984769642107,0.3695179553554524,0.1728271792006926,0.2260327658703945,178e7720-4939-4df4-b9af-2a0a7e15ece3,Non-Event,-1,background
1775972778.916,1775972779.916,10.77607631909548,1.14171683979061,13.90421,10.836389536060052,1.5155823484848483,-6.892869231155781,109.43462153768844,0.0457623512562814,0.2009595716102898,0.3851908321695884,0.0726828103380401,0.1125291275367893,0.1008875716504155,0.148853462250433,178e7720-4939-4df4-b9af-2a0a7e15ece3,Non-Event,-1,background
1775973224.916,1775973225.916,18.96745488030303,7.214133609995168,47.152657,20.293054683294805,5.823581875126905,-6.884271799999997,109.4511982,7.862417700000001,0.9138253811013952,2.300771919955616,0.2862578610267163,0.700054347098796,0.5318929095906382,0.4341357461857116,178e7720-4939-4df4-b9af-2a0a7e15ece3,Non-Event,-1,background
1775972992.916,1775972993.916,17.64352273737374,5.248866793742316,35.442013,18.407729278829446,5.034831573604061,-6.8926967,109.4492217,14.773558000000005,0.7073481704145796,1.6962104439934629,0.2511658757602591,0.5667292894996455,0.3825186648968769,0.334781362730872,178e7720-4939-4df4-b9af-2a0a7e15ece3,Non-Event,-1,background
1775972410.916,1775972411.916,15.315740368020306,4.1987784329627935,29.944923,15.88085776492316,4.338715387755102,-6.894085,109.41645500000004,13.241229,0.5630216416475085,1.4781574688294377,0.1946104896999894,0.4248081378548427,0.3222266825721995,0.30220024485752,178e7720-4939-4df4-b9af-2a0a7e15ece3,Non-Event,-1,background
1775972864.916,1775972865.916,12.76613237106599,3.0602380166736207,24.076618,13.12780226977362,2.5888840933673465,-6.89287,109.43462,0.0,0.3862098168871052,1.1603949269684009,0.1279647327936107,0.2854235990325999,0.2534687380306499,0.1815894017114339,178e7720-4939-4df4-b9af-2a0a7e15ece3,Non-Event,-1,background
1775973290.416,1775973291.416,13.750488321319796,3.3689495965216176,23.789536,14.157180173277986,3.0431914714285715,-6.883007799999999,109.44683749999996,6.257013000000001,0.6148901644631796,1.2767960688419473,0.23135719773918,0.4218085443811131,0.4082846795483887,0.2482784929681988,178e7720-4939-4df4-b9af-2a0a7e15ece3,Non-Event,-1,background
1775972843.916,1775972844.916,10.772758723350254,1.2652053681337538,14.456646,10.84680022564597,1.6281645102040814,-6.89287,109.43462,0.0,0.2204896124560929,0.4396531269435599,0.0762404019623587,0.1331450543244088,0.114476379887791,0.1628317512518267,178e7720-4939-4df4-b9af-2a0a7e15ece3,Non-Event,-1,background
1775972438.916,1775972439.916,16.840701944499997,5.039514488191784,41.781292,17.578565022782175,4.557359805025126,-6.894213100000001,109.41948679999996,11.167517000000002,0.7054577356403713,2.050230104957675,0.231317795725587,0.5519593763355385,0.3957228134691749,0.3478952965040244,178e7720-4939-4df4-b9af-2a0a7e15ece3,Non-Event,-1,background
1775972261.416,1775972262.416,26.170151049494947,13.749476760899704,81.670135,29.562221113304435,8.991502672081218,-6.899016699999998,109.40690500000002,9.420445999999998,1.163986963325572,4.460316479321147,0.4129439069939631,1.0384306844385631,0.7992370852755314,0.5011227432464076,178e7720-4939-4df4-b9af-2a0a7e15ece3,Non-Event,-1,background
1775973254.916,1775973255.916,20.835763066,7.928542321443637,49.720547,22.29329060245285,6.565016103517588,-6.883573299999999,109.44884329999996,9.173379999999998,1.095352275981564,2.5049875740709773,0.3687352655849873,0.8028594931720334,0.6680457477384397,0.5623532386442494,178e7720-4939-4df4-b9af-2a0a7e15ece3,Non-Event,-1,background
1775972589.916,1775972590.916,11.893599191919192,2.169146123922093,18.852375,12.089784805568174,2.269492543147208,-6.894151699999998,109.4284917,1.8051308000000004,0.3729520149452007,0.8701466505351267,0.1059119440467271,0.1955291029025948,0.2400067606283769,0.2487297885799999,178e7720-4939-4df4-b9af-2a0a7e15ece3,Non-Event,-1,background
1775972590.416,1775972591.416,11.942452921105527,2.346963656792998,20.489452,12.170884116576294,2.42153723939394,-6.894151699999998,109.4284917,1.8051308000000004,0.3604340365191485,0.7490875067790812,0.1166125144201896,0.2305916046753993,0.2100353528920673,0.2292844113801574,178e7720-4939-4df4-b9af-2a0a7e15ece3,Non-Event,-1,background
1775972375.416,1775972376.416,16.59634862051282,4.982995450056232,30.40826,17.32827259679622,4.765026180412371,-6.893842399999999,109.41278009999998,9.793191000000002,0.8895383303349956,1.9180121481139007,0.3570807073273369,0.7953689143283857,0.4252180562478641,0.3397837844343453,178e7720-4939-4df4-b9af-2a0a7e15ece3,Non-Event,-1,background
1775972278.416,1775972279.416,20.894822083500003,8.705371717787243,58.682224,22.635747980704533,6.936258766834171,-6.8968191,109.4070534,11.824939,0.9412857227838471,2.815650242112381,0.3122983163336662,0.7529241493773347,0.6020791300907817,0.4645069631401613,178e7720-4939-4df4-b9af-2a0a7e15ece3,Non-Event,-1,background
1775972961.916,1775972962.916,18.191701854040403,6.2180105324384005,47.13312,19.22502721266766,5.864366176649744,-6.892257699999999,109.44486619999998,18.682701000000005,0.7663466102157951,1.9588124381002512,0.2777786248506765,0.6345147346899015,0.4550509544255506,0.3225149362838515,178e7720-4939-4df4-b9af-2a0a7e15ece3,Non-Event,-1,background
1775972451.916,1775972452.916,17.503141733838383,4.787326583962449,31.572004,18.146031697766556,5.056691154314721,-6.894239999999996,109.4205767,13.544584,0.6656949017179324,1.5920127167133435,0.2375303679042392,0.5183933065490001,0.3703614001480408,0.3394714631781986,178e7720-4939-4df4-b9af-2a0a7e15ece3,Non-Event,-1,background
1775973235.416,1775973236.416,19.60732067777777,8.309721272086271,57.93881,21.29550402739919,7.162256835532994,-6.884107900000003,109.4504441,8.933895000000001,1.0435632408169206,2.592350123680009,0.3507659623503492,0.7809959089390159,0.6226709303380091,0.5568158792982145,178e7720-4939-4df4-b9af-2a0a7e15ece3,Non-Event,-1,background
1775972792.916,1775972793.916,11.2839499725,1.6310654106884366,17.513926,11.401223678001717,1.9045019698492465,-6.89287,109.43462,0.0,0.2393037645272488,0.5440730444124667,0.1007891810133449,0.1413931123231629,0.1129985105828727,0.1905277483091449,178e7720-4939-4df4-b9af-2a0a7e15ece3,Non-Event,-1,background
1775972569.416,1775972570.416,13.213357673366836,3.4487146288590584,22.480307,13.656004305638918,3.3529640606060607,-6.8941966999999975,109.4279933,1.9574887,0.4871448839539501,0.8968838317509409,0.1532693266479059,0.3283177159926234,0.2742418031099536,0.2827890086302059,178e7720-4939-4df4-b9af-2a0a7e15ece3,Non-Event,-1,background
1775972791.916,1775972792.916,10.9160280725,1.2974638168939312,14.770675,10.992865014897482,1.5389019095477383,-6.89287,109.43462,0.0,0.2097733493113271,0.4594552380199843,0.0748877382122756,0.1214188556174612,0.0955651674233866,0.1714170807845578,178e7720-4939-4df4-b9af-2a0a7e15ece3,Non-Event,-1,background
1775972614.416,1775972615.416,12.003541383838384,2.433441839924644,21.925285,12.247719989525256,2.285666431472081,-6.894123300000004,109.42877500000002,0.0,0.3274789791198063,0.8895636435564912,0.125859921893334,0.2164766721942289,0.2009281002514311,0.2322805033371303,178e7720-4939-4df4-b9af-2a0a7e15ece3,Non-Event,-1,background
