event_id,trip_id,label,event_start,event_peak,event_end,confidence,annotator,notes,created_at,pipeline_version
0,178e7720-4939-4df4-b9af-2a0a7e15ece3,Non-Event,1775972208.355,1775972208.51,1775972208.665,1.0,manual,migrated,2026-05-25 23:40:35,05_pipeline_experiment
1,178e7720-4939-4df4-b9af-2a0a7e15ece3,Non-Event,1775972226.66,1775972226.76,1775972226.86,1.0,manual,migrated,2026-05-25 23:40:35,05_pipeline_experiment
2,178e7720-4939-4df4-b9af-2a0a7e15ece3,Non-Event,1775972229.5450003,1775972229.65,1775972229.7549999,1.0,manual,migrated,2026-05-25 23:40:35,05_pipeline_experiment
3,178e7720-4939-4df4-b9af-2a0a7e15ece3,Non-Event,1775972235.5700002,1775972235.64,1775972235.71,1.0,manual,migrated,2026-05-25 23:40:35,05_pipeline_experiment
4,178e7720-4939-4df4-b9af-2a0a7e15ece3,Non-Event,1775972268.23,1775972268.31,1775972268.3899999,1.0,manual,migrated,2026-05-25 23:40:35,05_pipeline_experiment
6,178e7720-4939-4df4-b9af-2a0a7e15ece3,Non-Event,1775972335.02,1775972335.1,1775972335.1799998,1.0,manual,migrated,2026-05-25 23:40:35,05_pipeline_experiment
7,178e7720-4939-4df4-b9af-2a0a7e15ece3,Non-Event,1775972343.5800002,1775972343.66,1775972343.74,1.0,manual,migrated,2026-05-25 23:40:35,05_pipeline_experiment
9,178e7720-4939-4df4-b9af-2a0a7e15ece3,Non-Event,1775972363.3,1775972363.36,1775972363.4199998,1.0,manual,migrated,2026-05-25 23:40:35,05_pipeline_experiment
10,178e7720-4939-4df4-b9af-2a0a7e15ece3,Pothole,1775972418.54,1775972418.62,1775972418.6999998,1.0,manual,migrated,2026-05-25 23:40:35,05_pipeline_experiment
11,178e7720-4939-4df4-b9af-2a0a7e15ece3,Non-Event,1775972424.4250002,1775972424.48,1775972424.5349998,1.0,manual,migrated,2026-05-25 23:40:35,05_pipeline_experiment
12,178e7720-4939-4df4-b9af-2a0a7e15ece3,Non-Event,1775972522.8750002,1775972522.88,1775972522.885,1.0,manual,migrated,2026-05-25 23:40:35,05_pipeline_experiment
15,178e7720-4939-4df4-b9af-2a0a7e15ece3,Non-Event,1775972708.91,1775972708.94,1775972708.97,1.0,manual,migrated,2026-05-25 23:40:35,05_pipeline_experiment
16,178e7720-4939-4df4-b9af-2a0a7e15ece3,Non-Event,1775972790.5500002,1775972790.65,1775972790.75,1.0,manual,migrated,2026-05-25 23:40:35,05_pipeline_experiment
17,178e7720-4939-4df4-b9af-2a0a7e15ece3,Non-Event,1775972809.44,1775972809.45,1775972809.46,1.0,manual,migrated,2026-05-25 23:40:35,05_pipeline_experiment
21,178e7720-4939-4df4-b9af-2a0a7e15ece3,Non-Event,1775972858.17,1775972858.2,1775972858.23,1.0,manual,migrated,2026-05-25 23:40:35,05_pipeline_experiment
22,178e7720-4939-4df4-b9af-2a0a7e15ece3,Non-Event,1775972888.44,1775972888.46,1775972888.48,1.0,manual,migrated,2026-05-25 23:40:35,05_pipeline_experiment
24,178e7720-4939-4df4-b9af-2a0a7e15ece3,Non-Event,1775972910.6550002,1775972910.7,1775972910.745,1.0,manual,migrated,2026-05-25 23:40:35,05_pipeline_experiment
25,178e7720-4939-4df4-b9af-2a0a7e15ece3,Non-Event,1775972915.8,1775972915.86,1775972915.9199998,1.0,manual,migrated,2026-05-25 23:40:35,05_pipeline_experiment
26,178e7720-4939-4df4-b9af-2a0a7e15ece3,Non-Event,1775972927.4650002,1775972927.52,1775972927.5749998,1.0,manual,migrated,2026-05-25 23:40:35,05_pipeline_experiment
27,178e7720-4939-4df4-b9af-2a0a7e15ece3,Non-Event,1775972953.9250002,1775972954.02,1775972954.1149998,1.0,manual,migrated,2026-05-25 23:40:35,05_pipeline_experiment
28,178e7720-4939-4df4-b9af-2a0a7e15ece3,Non-Event,1775972979.755,1775972979.81,1775972979.8649998,1.0,manual,migrated,2026-05-25 23:40:35,05_pipeline_experiment
29,178e7720-4939-4df4-b9af-2a0a7e15ece3,Non-Event,1775972984.9050002,1775972985.01,1775972985.1149998,1.0,manual,migrated,2026-05-25 23:40:35,05_pipeline_experiment
30,178e7720-4939-4df4-b9af-2a0a7e15ece3,Non-Event,1775973007.8600001,1775973007.91,1775973007.96,1.0,manual,migrated,2026-05-25 23:40:35,05_pipeline_experiment
32,178e7720-4939-4df4-b9af-2a0a7e15ece3,Non-Event,1775973030.16,1775973030.22,1775973030.28,1.0,manual,migrated,2026-05-25 23:40:35,05_pipeline_experiment
33,178e7720-4939-4df4-b9af-2a0a7e15ece3,Non-Event,1775973048.22,1775973048.32,1775973048.4199998,1.0,manual,migrated,2026-05-25 23:40:35,05_pipeline_experiment
34,178e7720-4939-4df4-b9af-2a0a7e15ece3,Pothole,1775973053.8600001,1775973054.03,1775973054.1999998,1.0,manual,migrated,2026-05-25 23:40:35,05_pipeline_experiment
35,178e7720-4939-4df4-b9af-2a0a7e15ece3,Pothole,1775973061.1750002,1775973061.24,1775973061.3049998,1.0,manual,migrated,2026-05-25 23:40:35,05_pipeline_experiment
36,178e7720-4939-4df4-b9af-2a0a7e15ece3,Pothole,1775973066.145,1775973066.3,1775973066.455,1.0,manual,migrated,2026-05-25 23:40:35,05_pipeline_experiment
37,178e7720-4939-4df4-b9af-2a0a7e15ece3,Pothole,1775973071.69,1775973071.8,1775973071.9099998,1.0,manual,migrated,2026-05-25 23:40:35,05_pipeline_experiment
38,178e7720-4939-4df4-b9af-2a0a7e15ece3,Non-Event,1775973079.535,1775973079.58,1775973079.6249998,1.0,manual,migrated,2026-05-25 23:40:35,05_pipeline_experiment
39,178e7720-4939-4df4-b9af-2a0a7e15ece3,Pothole,1775973087.0050004,1775973087.22,1775973087.4349997,1.0,manual,migrated,2026-05-25 23:40:35,05_pipeline_experiment
41,178e7720-4939-4df4-b9af-2a0a7e15ece3,Non-Event,1775973110.01,1775973110.12,1775973110.2299998,1.0,manual,migrated,2026-05-25 23:40:35,05_pipeline_experiment
44,178e7720-4939-4df4-b9af-2a0a7e15ece3,Pothole,1775973146.5350003,1775973146.65,1775973146.7649999,1.0,manual,migrated,2026-05-25 23:40:35,05_pipeline_experiment
46,178e7720-4939-4df4-b9af-2a0a7e15ece3,Non-Event,1775973177.3650002,1775973177.39,1775973177.415,1.0,manual,migrated,2026-05-25 23:40:35,05_pipeline_experiment
47,178e7720-4939-4df4-b9af-2a0a7e15ece3,Non-Event,1775973189.91,1775973190.05,1775973190.1899998,1.0,manual,migrated,2026-05-25 23:40:35,05_pipeline_experiment
48,178e7720-4939-4df4-b9af-2a0a7e15ece3,Pothole,1775973193.6150002,1775973193.68,1775973193.745,1.0,manual,migrated,2026-05-25 23:40:35,05_pipeline_experiment
49,178e7720-4939-4df4-b9af-2a0a7e15ece3,Pothole,1775973204.4,1775973204.54,1775973204.6799998,1.0,manual,migrated,2026-05-25 23:40:35,05_pipeline_experiment
51,178e7720-4939-4df4-b9af-2a0a7e15ece3,Non-Event,1775973235.1350002,1775973235.24,1775973235.3449998,1.0,manual,migrated,2026-05-25 23:40:35,05_pipeline_experiment
53,178e7720-4939-4df4-b9af-2a0a7e15ece3,Pothole,1775973254.2800002,1775973254.39,1775973254.5,1.0,manual,migrated,2026-05-25 23:40:35,05_pipeline_experiment
54,178e7720-4939-4df4-b9af-2a0a7e15ece3,Non-Event,1775973263.44,1775973263.54,1775973263.6399999,1.0,manual,migrated,2026-05-25 23:40:35,05_pipeline_experiment
55,178e7720-4939-4df4-b9af-2a0a7e15ece3,Pothole,1775973268.8250003,1775973268.9,1775973268.975,1.0,manual,migrated,2026-05-25 23:40:35,05_pipeline_experiment
56,178e7720-4939-4df4-b9af-2a0a7e15ece3,Non-Event,1775973280.065,1775973280.12,1775973280.1749997,1.0,manual,migrated,2026-05-25 23:40:35,05_pipeline_experiment
597,2403297f-866d-495e-a41b-b29966866b69,Non-Event,1776417308.17,1776417308.27,1776417308.37,1.0,manual,migrated,2026-05-25 23:40:35,05_pipeline_experiment
598,2403297f-866d-495e-a41b-b29966866b69,Non-Event,1776417321.4950001,1776417321.52,1776417321.5449998,1.0,manual,migrated,2026-05-25 23:40:35,05_pipeline_experiment
598,2403297f-866d-495e-a41b-b29966866b69,Non-Event,1776417321.4950001,1776417321.52,1776417321.5449998,1.0,manual,migrated,2026-05-25 23:40:35,05_pipeline_experiment
599,2403297f-866d-495e-a41b-b29966866b69,Non-Event,1776417332.0700002,1776417332.14,1776417332.21,1.0,manual,migrated,2026-05-25 23:40:35,05_pipeline_experiment
600,2403297f-866d-495e-a41b-b29966866b69,Non-Event,1776417339.3650002,1776417339.48,1776417339.5949998,1.0,manual,migrated,2026-05-25 23:40:35,05_pipeline_experiment
601,2403297f-866d-495e-a41b-b29966866b69,Non-Event,1776417383.005,1776417383.04,1776417383.0749998,1.0,manual,migrated,2026-05-25 23:40:35,05_pipeline_experiment
602,2403297f-866d-495e-a41b-b29966866b69,Non-Event,1776417392.0700002,1776417392.17,1776417392.27,1.0,manual,migrated,2026-05-25 23:40:35,05_pipeline_experiment
603,2403297f-866d-495e-a41b-b29966866b69,Non-Event,1776417403.05,1776417403.07,1776417403.09,1.0,manual,migrated,2026-05-25 23:40:35,05_pipeline_experiment
608,2403297f-866d-495e-a41b-b29966866b69,Non-Event,1776417446.0650003,1776417446.16,1776417446.2549999,1.0,manual,migrated,2026-05-25 23:40:35,05_pipeline_experiment
609,2403297f-866d-495e-a41b-b29966866b69,Non-Event,1776417454.3600001,1776417454.41,1776417454.46,1.0,manual,migrated,2026-05-25 23:40:35,05_pipeline_experiment
610,2403297f-866d-495e-a41b-b29966866b69,Non-Event,1776417471.67,1776417471.72,1776417471.77,1.0,manual,migrated,2026-05-25 23:40:35,05_pipeline_experiment
612,2403297f-866d-495e-a41b-b29966866b69,Pothole,1776417481.2849998,1776417481.34,1776417481.395,1.0,manual,migrated,2026-05-25 23:40:35,05_pipeline_experiment
613,2403297f-866d-495e-a41b-b29966866b69,Pothole,1776417499.7450001,1776417499.82,1776417499.8949997,1.0,manual,migrated,2026-05-25 23:40:35,05_pipeline_experiment
614,2403297f-866d-495e-a41b-b29966866b69,Pothole,1776417504.3700001,1776417504.53,1776417504.6899998,1.0,manual,migrated,2026-05-25 23:40:35,05_pipeline_experiment
615,2403297f-866d-495e-a41b-b29966866b69,Non-Event,1776417509.4,1776417509.54,1776417509.6799998,1.0,manual,migrated,2026-05-25 23:40:35,05_pipeline_experiment
616,2403297f-866d-495e-a41b-b29966866b69,Pothole,1776417514.4450004,1776417514.63,1776417514.8149998,1.0,manual,migrated,2026-05-25 23:40:35,05_pipeline_experiment
618,2403297f-866d-495e-a41b-b29966866b69,Non-Event,1776417525.7150002,1776417525.83,1776417525.9449997,1.0,manual,migrated,2026-05-25 23:40:35,05_pipeline_experiment
619,2403297f-866d-495e-a41b-b29966866b69,Non-Event,1776417546.4250002,1776417546.65,1776417546.875,1.0,manual,migrated,2026-05-25 23:40:35,05_pipeline_experiment
621,2403297f-866d-495e-a41b-b29966866b69,Pothole,1776417566.65,1776417566.75,1776417566.85,1.0,manual,migrated,2026-05-25 23:40:35,05_pipeline_experiment
622,2403297f-866d-495e-a41b-b29966866b69,Non-Event,1776417572.7250001,1776417572.79,1776417572.8549998,1.0,manual,migrated,2026-05-25 23:40:35,05_pipeline_experiment
623,2403297f-866d-495e-a41b-b29966866b69,Non-Event,1776417581.15,1776417581.21,1776417581.27,1.0,manual,migrated,2026-05-25 23:40:35,05_pipeline_experiment
624,2403297f-866d-495e-a41b-b29966866b69,Non-Event,1776417600.79,1776417600.82,1776417600.85,1.0,manual,migrated,2026-05-25 23:40:35,05_pipeline_experiment
625,2403297f-866d-495e-a41b-b29966866b69,Pothole,1776417606.275,1776417606.4,1776417606.525,1.0,manual,migrated,2026-05-25 23:40:35,05_pipeline_experiment
626,2403297f-866d-495e-a41b-b29966866b69,Pothole,1776417616.8250003,1776417616.9,1776417616.975,1.0,manual,migrated,2026-05-25 23:40:35,05_pipeline_experiment
628,2403297f-866d-495e-a41b-b29966866b69,Non-Event,1776417623.92,1776417624.07,1776417624.2199998,1.0,manual,migrated,2026-05-25 23:40:35,05_pipeline_experiment
629,2403297f-866d-495e-a41b-b29966866b69,Non-Event,1776417628.515,1776417628.56,1776417628.6049998,1.0,manual,migrated,2026-05-25 23:40:35,05_pipeline_experiment
630,2403297f-866d-495e-a41b-b29966866b69,Pothole,1776417641.1000001,1776417641.26,1776417641.4199998,1.0,manual,migrated,2026-05-25 23:40:35,05_pipeline_experiment
631,2403297f-866d-495e-a41b-b29966866b69,Non-Event,1776417657.66,1776417657.76,1776417657.86,1.0,manual,migrated,2026-05-25 23:40:35,05_pipeline_experiment
632,2403297f-866d-495e-a41b-b29966866b69,Pothole,1776417678.3650002,1776417678.41,1776417678.455,1.0,manual,migrated,2026-05-25 23:40:35,05_pipeline_experiment
633,2403297f-866d-495e-a41b-b29966866b69,Pothole,1776417687.24,1776417687.32,1776417687.3999999,1.0,manual,migrated,2026-05-25 23:40:35,05_pipeline_experiment
634,2403297f-866d-495e-a41b-b29966866b69,Non-Event,1776417697.5150003,1776417697.67,1776417697.8249998,1.0,manual,migrated,2026-05-25 23:40:35,05_pipeline_experiment
636,2403297f-866d-495e-a41b-b29966866b69,Pothole,1776417722.015,1776417722.04,1776417722.0649998,1.0,manual,migrated,2026-05-25 23:40:35,05_pipeline_experiment
637,2403297f-866d-495e-a41b-b29966866b69,Pothole,1776417728.63,1776417728.7,1776417728.77,1.0,manual,migrated,2026-05-25 23:40:35,05_pipeline_experiment
638,2403297f-866d-495e-a41b-b29966866b69,Pothole,1776417790.75,1776417790.83,1776417790.9099998,1.0,manual,migrated,2026-05-25 23:40:35,05_pipeline_experiment
639,2403297f-866d-495e-a41b-b29966866b69,Pothole,1776417796.8550003,1776417796.97,1776417797.0849998,1.0,manual,migrated,2026-05-25 23:40:35,05_pipeline_experiment
642,2403297f-866d-495e-a41b-b29966866b69,Non-Event,1776417839.38,1776417839.48,1776417839.58,1.0,manual,migrated,2026-05-25 23:40:35,05_pipeline_experiment
643,2403297f-866d-495e-a41b-b29966866b69,Non-Event,1776417857.51,1776417857.55,1776417857.59,1.0,manual,migrated,2026-05-25 23:40:35,05_pipeline_experiment
644,2403297f-866d-495e-a41b-b29966866b69,Pothole,1776417859.5850003,1776417859.8,1776417860.0149996,1.0,manual,migrated,2026-05-25 23:40:35,05_pipeline_experiment
645,2403297f-866d-495e-a41b-b29966866b69,Pothole,1776417873.4250002,1776417873.49,1776417873.5549998,1.0,manual,migrated,2026-05-25 23:40:35,05_pipeline_experiment
647,2403297f-866d-495e-a41b-b29966866b69,Non-Event,1776417905.0750003,1776417905.14,1776417905.205,1.0,manual,migrated,2026-05-25 23:40:35,05_pipeline_experiment
648,2403297f-866d-495e-a41b-b29966866b69,Non-Event,1776417907.68,1776417907.82,1776417907.9599998,1.0,manual,migrated,2026-05-25 23:40:35,05_pipeline_experiment
649,2403297f-866d-495e-a41b-b29966866b69,Non-Event,1776417922.9250002,1776417923.02,1776417923.1149998,1.0,manual,migrated,2026-05-25 23:40:35,05_pipeline_experiment
650,2403297f-866d-495e-a41b-b29966866b69,Non-Event,1776417923.815,1776417923.97,1776417924.125,1.0,manual,migrated,2026-05-25 23:40:35,05_pipeline_experiment
653,2403297f-866d-495e-a41b-b29966866b69,Non-Event,1776417966.525,1776417966.69,1776417966.855,1.0,manual,migrated,2026-05-25 23:40:35,05_pipeline_experiment
654,2403297f-866d-495e-a41b-b29966866b69,Non-Event,1776417973.46,1776417973.48,1776417973.5,1.0,manual,migrated,2026-05-25 23:40:35,05_pipeline_experiment
655,2403297f-866d-495e-a41b-b29966866b69,Non-Event,1776417983.98,1776417983.99,1776417984.0,1.0,manual,migrated,2026-05-25 23:40:35,05_pipeline_experiment
656,2403297f-866d-495e-a41b-b29966866b69,Non-Event,1776417988.63,1776417988.73,1776417988.83,1.0,manual,migrated,2026-05-25 23:40:35,05_pipeline_experiment
657,2403297f-866d-495e-a41b-b29966866b69,Speed Bump,1776417997.1650002,1776417997.27,1776417997.3749998,1.0,manual,migrated,2026-05-25 23:40:35,05_pipeline_experiment
658,2403297f-866d-495e-a41b-b29966866b69,Non-Event,1776418008.9050002,1776418009.01,1776418009.1149998,1.0,manual,migrated,2026-05-25 23:40:35,05_pipeline_experiment
659,2403297f-866d-495e-a41b-b29966866b69,Non-Event,1776418025.6350002,1776418025.71,1776418025.7849998,1.0,manual,migrated,2026-05-25 23:40:35,05_pipeline_experiment
660,2403297f-866d-495e-a41b-b29966866b69,Non-Event,1776418030.9350002,1776418031.0,1776418031.0649998,1.0,manual,migrated,2026-05-25 23:40:35,05_pipeline_experiment
661,2403297f-866d-495e-a41b-b29966866b69,Non-Event,1776418071.2150002,1776418071.26,1776418071.3049998,1.0,manual,migrated,2026-05-25 23:40:35,05_pipeline_experiment
665,2403297f-866d-495e-a41b-b29966866b69,Pothole,1776418176.8650002,1776418177.06,1776418177.2549996,1.0,manual,migrated,2026-05-25 23:40:35,05_pipeline_experiment
666,2403297f-866d-495e-a41b-b29966866b69,Non-Event,1776418181.14,1776418181.24,1776418181.34,1.0,manual,migrated,2026-05-25 23:40:35,05_pipeline_experiment
667,2403297f-866d-495e-a41b-b29966866b69,Non-Event,1776418233.22,1776418233.35,1776418233.4799998,1.0,manual,migrated,2026-05-25 23:40:35,05_pipeline_experiment
668,2403297f-866d-495e-a41b-b29966866b69,Non-Event,1776418235.7400002,1776418235.89,1776418236.04,1.0,manual,migrated,2026-05-25 23:40:35,05_pipeline_experiment
669,2403297f-866d-495e-a41b-b29966866b69,Non-Event,1776418242.1450002,1776418242.33,1776418242.5149996,1.0,manual,migrated,2026-05-25 23:40:35,05_pipeline_experiment
670,2403297f-866d-495e-a41b-b29966866b69,Non-Event,1776418248.3400002,1776418248.47,1776418248.6,1.0,manual,migrated,2026-05-25 23:40:35,05_pipeline_experiment
672,2403297f-866d-495e-a41b-b29966866b69,Pothole,1776418280.0550003,1776418280.22,1776418280.3849998,1.0,manual,migrated,2026-05-25 23:40:35,05_pipeline_experiment
673,2403297f-866d-495e-a41b-b29966866b69,Non-Event,1776418293.0,1776418293.1,1776418293.1999998,1.0,manual,migrated,2026-05-25 23:40:35,05_pipeline_experiment
674,2403297f-866d-495e-a41b-b29966866b69,Non-Event,1776418332.1100001,1776418332.25,1776418332.3899999,1.0,manual,migrated,2026-05-25 23:40:35,05_pipeline_experiment
675,2403297f-866d-495e-a41b-b29966866b69,Non-Event,1776418376.73,1776418376.77,1776418376.81,1.0,manual,migrated,2026-05-25 23:40:35,05_pipeline_experiment
182,2ba192ad-a007-47e8-843d-e4f356c01155,Non-Event,1776326030.0950003,1776326030.25,1776326030.4049997,1.0,manual,migrated,2026-05-25 23:40:35,05_pipeline_experiment
183,2ba192ad-a007-47e8-843d-e4f356c01155,Non-Event,1776326034.6100001,1776326034.71,1776326034.81,1.0,manual,migrated,2026-05-25 23:40:35,05_pipeline_experiment
185,2ba192ad-a007-47e8-843d-e4f356c01155,Non-Event,1776326110.2350001,1776326110.3,1776326110.3649998,1.0,manual,migrated,2026-05-25 23:40:35,05_pipeline_experiment
186,2ba192ad-a007-47e8-843d-e4f356c01155,Non-Event,1776326131.46,1776326131.56,1776326131.6599998,1.0,manual,migrated,2026-05-25 23:40:35,05_pipeline_experiment
189,2ba192ad-a007-47e8-843d-e4f356c01155,Non-Event,1776326208.73,1776326208.8,1776326208.87,1.0,manual,migrated,2026-05-25 23:40:35,05_pipeline_experiment
190,2ba192ad-a007-47e8-843d-e4f356c01155,Non-Event,1776326288.07,1776326288.1,1776326288.1299999,1.0,manual,migrated,2026-05-25 23:40:35,05_pipeline_experiment
192,2ba192ad-a007-47e8-843d-e4f356c01155,Non-Event,1776326429.8400002,1776326429.92,1776326430.0,1.0,manual,migrated,2026-05-25 23:40:35,05_pipeline_experiment
195,2ba192ad-a007-47e8-843d-e4f356c01155,Non-Event,1776326601.9550002,1776326601.99,1776326602.0249999,1.0,manual,migrated,2026-05-25 23:40:35,05_pipeline_experiment
197,2ba192ad-a007-47e8-843d-e4f356c01155,Non-Event,1776326627.9850001,1776326628.03,1776326628.0749998,1.0,manual,migrated,2026-05-25 23:40:35,05_pipeline_experiment
198,2ba192ad-a007-47e8-843d-e4f356c01155,Non-Event,1776326628.94,1776326628.98,1776326629.02,1.0,manual,migrated,2026-05-25 23:40:35,05_pipeline_experiment
201,2ba192ad-a007-47e8-843d-e4f356c01155,Non-Event,1776326696.33,1776326696.35,1776326696.37,1.0,manual,migrated,2026-05-25 23:40:35,05_pipeline_experiment
202,2ba192ad-a007-47e8-843d-e4f356c01155,Pothole,1776326738.7850003,1776326738.9,1776326739.0149999,1.0,manual,migrated,2026-05-25 23:40:35,05_pipeline_experiment
203,2ba192ad-a007-47e8-843d-e4f356c01155,Pothole,1776326745.0200002,1776326745.15,1776326745.28,1.0,manual,migrated,2026-05-25 23:40:35,05_pipeline_experiment
204,2ba192ad-a007-47e8-843d-e4f356c01155,Non-Event,1776326755.3700001,1776326755.47,1776326755.57,1.0,manual,migrated,2026-05-25 23:40:35,05_pipeline_experiment
205,2ba192ad-a007-47e8-843d-e4f356c01155,Non-Event,1776326767.1950002,1776326767.28,1776326767.3649998,1.0,manual,migrated,2026-05-25 23:40:35,05_pipeline_experiment
206,2ba192ad-a007-47e8-843d-e4f356c01155,Pothole,1776326770.77,1776326770.87,1776326770.9699998,1.0,manual,migrated,2026-05-25 23:40:35,05_pipeline_experiment
207,2ba192ad-a007-47e8-843d-e4f356c01155,Non-Event,1776326804.0700002,1776326804.17,1776326804.27,1.0,manual,migrated,2026-05-25 23:40:35,05_pipeline_experiment
209,2ba192ad-a007-47e8-843d-e4f356c01155,Non-Event,1776326837.79,1776326837.82,1776326837.85,1.0,manual,migrated,2026-05-25 23:40:35,05_pipeline_experiment
210,2ba192ad-a007-47e8-843d-e4f356c01155,Pothole,1776326853.49,1776326853.62,1776326853.7499998,1.0,manual,migrated,2026-05-25 23:40:35,05_pipeline_experiment
211,2ba192ad-a007-47e8-843d-e4f356c01155,Pothole,1776326863.18,1776326863.25,1776326863.32,1.0,manual,migrated,2026-05-25 23:40:35,05_pipeline_experiment
214,2ba192ad-a007-47e8-843d-e4f356c01155,Pothole,1776326903.8250003,1776326903.94,1776326904.0549998,1.0,manual,migrated,2026-05-25 23:40:35,05_pipeline_experiment
215,2ba192ad-a007-47e8-843d-e4f356c01155,Non-Event,1776326910.7900002,1776326910.89,1776326910.99,1.0,manual,migrated,2026-05-25 23:40:35,05_pipeline_experiment
216,2ba192ad-a007-47e8-843d-e4f356c01155,Pothole,1776326914.765,1776326914.79,1776326914.8149998,1.0,manual,migrated,2026-05-25 23:40:35,05_pipeline_experiment
217,2ba192ad-a007-47e8-843d-e4f356c01155,Pothole,1776326924.47,1776326924.49,1776326924.51,1.0,manual,migrated,2026-05-25 23:40:35,05_pipeline_experiment
218,2ba192ad-a007-47e8-843d-e4f356c01155,Pothole,1776326925.4,1776326925.48,1776326925.56,1.0,manual,migrated,2026-05-25 23:40:35,05_pipeline_experiment
219,2ba192ad-a007-47e8-843d-e4f356c01155,Pothole,1776326931.68,1776326931.82,1776326931.9599998,1.0,manual,migrated,2026-05-25 23:40:35,05_pipeline_experiment
221,2ba192ad-a007-47e8-843d-e4f356c01155,Pothole,1776326949.71,1776326949.79,1776326949.87,1.0,manual,migrated,2026-05-25 23:40:35,05_pipeline_experiment
222,2ba192ad-a007-47e8-843d-e4f356c01155,Pothole,1776326963.4650002,1776326963.47,1776326963.475,1.0,manual,migrated,2026-05-25 23:40:35,05_pipeline_experiment
223,2ba192ad-a007-47e8-843d-e4f356c01155,Pothole,1776326965.9750001,1776326966.05,1776326966.1249998,1.0,manual,migrated,2026-05-25 23:40:35,05_pipeline_experiment
226,2ba192ad-a007-47e8-843d-e4f356c01155,Pothole,1776327037.39,1776327037.51,1776327037.6299999,1.0,manual,migrated,2026-05-25 23:40:35,05_pipeline_experiment
228,2ba192ad-a007-47e8-843d-e4f356c01155,Non-Event,1776327070.0000002,1776327070.13,1776327070.26,1.0,manual,migrated,2026-05-25 23:40:35,05_pipeline_experiment
231,2ba192ad-a007-47e8-843d-e4f356c01155,Non-Event,1776327120.57,1776327120.59,1776327120.61,1.0,manual,migrated,2026-05-25 23:40:35,05_pipeline_experiment
233,2ba192ad-a007-47e8-843d-e4f356c01155,Non-Event,1776327139.565,1776327139.62,1776327139.6749997,1.0,manual,migrated,2026-05-25 23:40:35,05_pipeline_experiment
234,2ba192ad-a007-47e8-843d-e4f356c01155,Non-Event,1776327144.1750002,1776327144.26,1776327144.3449998,1.0,manual,migrated,2026-05-25 23:40:35,05_pipeline_experiment
367,3a9b8fd6-92e7-4ce1-89d1-f0025de3bc91,Non-Event,1776329267.835,1776329267.99,1776329268.145,1.0,manual,migrated,2026-05-25 23:40:35,05_pipeline_experiment
368,3a9b8fd6-92e7-4ce1-89d1-f0025de3bc91,Non-Event,1776329278.5950003,1776329278.64,1776329278.685,1.0,manual,migrated,2026-05-25 23:40:35,05_pipeline_experiment
369,3a9b8fd6-92e7-4ce1-89d1-f0025de3bc91,Non-Event,1776329372.545,1776329372.59,1776329372.6349998,1.0,manual,migrated,2026-05-25 23:40:35,05_pipeline_experiment
373,3a9b8fd6-92e7-4ce1-89d1-f0025de3bc91,Non-Event,1776329400.5600002,1776329400.66,1776329400.76,1.0,manual,migrated,2026-05-25 23:40:35,05_pipeline_experiment
374,3a9b8fd6-92e7-4ce1-89d1-f0025de3bc91,Non-Event,1776329406.39,1776329406.46,1776329406.53,1.0,manual,migrated,2026-05-25 23:40:35,05_pipeline_experiment
375,3a9b8fd6-92e7-4ce1-89d1-f0025de3bc91,Pothole,1776329411.0900002,1776329411.27,1776329411.4499998,1.0,manual,migrated,2026-05-25 23:40:35,05_pipeline_experiment
376,3a9b8fd6-92e7-4ce1-89d1-f0025de3bc91,Non-Event,1776329419.39,1776329419.41,1776329419.43,1.0,manual,migrated,2026-05-25 23:40:35,05_pipeline_experiment
377,3a9b8fd6-92e7-4ce1-89d1-f0025de3bc91,Non-Event,1776329431.4050002,1776329431.42,1776329431.435,1.0,manual,migrated,2026-05-25 23:40:35,05_pipeline_experiment
379,3a9b8fd6-92e7-4ce1-89d1-f0025de3bc91,Non-Event,1776329461.0500002,1776329461.16,1776329461.27,1.0,manual,migrated,2026-05-25 23:40:35,05_pipeline_experiment
379,3a9b8fd6-92e7-4ce1-89d1-f0025de3bc91,Pothole,1776329461.0500002,1776329461.16,1776329461.27,1.0,manual,migrated,2026-05-25 23:40:35,05_pipeline_experiment
382,3a9b8fd6-92e7-4ce1-89d1-f0025de3bc91,Pothole,1776329472.935,1776329472.99,1776329473.045,1.0,manual,migrated,2026-05-25 23:40:35,05_pipeline_experiment
383,3a9b8fd6-92e7-4ce1-89d1-f0025de3bc91,Pothole,1776329476.8050003,1776329476.93,1776329477.0549998,1.0,manual,migrated,2026-05-25 23:40:35,05_pipeline_experiment
384,3a9b8fd6-92e7-4ce1-89d1-f0025de3bc91,Pothole,1776329486.9250002,1776329486.99,1776329487.0549998,1.0,manual,migrated,2026-05-25 23:40:35,05_pipeline_experiment
385,3a9b8fd6-92e7-4ce1-89d1-f0025de3bc91,Non-Event,1776329518.755,1776329518.88,1776329519.005,1.0,manual,migrated,2026-05-25 23:40:35,05_pipeline_experiment
386,3a9b8fd6-92e7-4ce1-89d1-f0025de3bc91,Pothole,1776329525.895,1776329525.95,1776329526.005,1.0,manual,migrated,2026-05-25 23:40:35,05_pipeline_experiment
388,3a9b8fd6-92e7-4ce1-89d1-f0025de3bc91,Pothole,1776329620.9850001,1776329621.0,1776329621.0149999,1.0,manual,migrated,2026-05-25 23:40:35,05_pipeline_experiment
389,3a9b8fd6-92e7-4ce1-89d1-f0025de3bc91,Pothole,1776329622.4450002,1776329622.58,1776329622.7149997,1.0,manual,migrated,2026-05-25 23:40:35,05_pipeline_experiment
390,3a9b8fd6-92e7-4ce1-89d1-f0025de3bc91,Pothole,1776329654.65,1776329654.78,1776329654.9099998,1.0,manual,migrated,2026-05-25 23:40:35,05_pipeline_experiment
391,3a9b8fd6-92e7-4ce1-89d1-f0025de3bc91,Pothole,1776329666.54,1776329666.58,1776329666.62,1.0,manual,migrated,2026-05-25 23:40:35,05_pipeline_experiment
393,3a9b8fd6-92e7-4ce1-89d1-f0025de3bc91,Non-Event,1776329724.1100001,1776329724.21,1776329724.31,1.0,manual,migrated,2026-05-25 23:40:35,05_pipeline_experiment
396,3a9b8fd6-92e7-4ce1-89d1-f0025de3bc91,Pothole,1776329757.94,1776329757.99,1776329758.04,1.0,manual,migrated,2026-05-25 23:40:35,05_pipeline_experiment
397,3a9b8fd6-92e7-4ce1-89d1-f0025de3bc91,Non-Event,1776329766.6100001,1776329766.64,1776329766.67,1.0,manual,migrated,2026-05-25 23:40:35,05_pipeline_experiment
398,3a9b8fd6-92e7-4ce1-89d1-f0025de3bc91,Pothole,1776329773.025,1776329773.07,1776329773.1149998,1.0,manual,migrated,2026-05-25 23:40:35,05_pipeline_experiment
399,3a9b8fd6-92e7-4ce1-89d1-f0025de3bc91,Non-Event,1776329796.6950002,1776329796.76,1776329796.8249998,1.0,manual,migrated,2026-05-25 23:40:35,05_pipeline_experiment
400,3a9b8fd6-92e7-4ce1-89d1-f0025de3bc91,Non-Event,1776329801.845,1776329801.86,1776329801.8749998,1.0,manual,migrated,2026-05-25 23:40:35,05_pipeline_experiment
401,3a9b8fd6-92e7-4ce1-89d1-f0025de3bc91,Non-Event,1776329839.3100002,1776329839.41,1776329839.51,1.0,manual,migrated,2026-05-25 23:40:35,05_pipeline_experiment
402,3a9b8fd6-92e7-4ce1-89d1-f0025de3bc91,Pothole,1776329843.03,1776329843.08,1776329843.1299999,1.0,manual,migrated,2026-05-25 23:40:35,05_pipeline_experiment
403,3a9b8fd6-92e7-4ce1-89d1-f0025de3bc91,Non-Event,1776329851.85,1776329851.87,1776329851.8899999,1.0,manual,migrated,2026-05-25 23:40:35,05_pipeline_experiment
404,3a9b8fd6-92e7-4ce1-89d1-f0025de3bc91,Pothole,1776329858.0,1776329858.08,1776329858.1599998,1.0,manual,migrated,2026-05-25 23:40:35,05_pipeline_experiment
405,3a9b8fd6-92e7-4ce1-89d1-f0025de3bc91,Non-Event,1776329861.1950002,1776329861.32,1776329861.4449997,1.0,manual,migrated,2026-05-25 23:40:35,05_pipeline_experiment
406,3a9b8fd6-92e7-4ce1-89d1-f0025de3bc91,Non-Event,1776329883.565,1776329883.62,1776329883.6749997,1.0,manual,migrated,2026-05-25 23:40:35,05_pipeline_experiment
407,3a9b8fd6-92e7-4ce1-89d1-f0025de3bc91,Pothole,1776329902.21,1776329902.32,1776329902.4299998,1.0,manual,migrated,2026-05-25 23:40:35,05_pipeline_experiment
408,3a9b8fd6-92e7-4ce1-89d1-f0025de3bc91,Non-Event,1776329916.4450002,1776329916.51,1776329916.5749998,1.0,manual,migrated,2026-05-25 23:40:35,05_pipeline_experiment
409,3a9b8fd6-92e7-4ce1-89d1-f0025de3bc91,Non-Event,1776329936.775,1776329936.79,1776329936.8049998,1.0,manual,migrated,2026-05-25 23:40:35,05_pipeline_experiment
410,3a9b8fd6-92e7-4ce1-89d1-f0025de3bc91,Non-Event,1776329940.4750001,1776329940.59,1776329940.7049997,1.0,manual,migrated,2026-05-25 23:40:35,05_pipeline_experiment
411,3a9b8fd6-92e7-4ce1-89d1-f0025de3bc91,Non-Event,1776329945.585,1776329945.59,1776329945.5949998,1.0,manual,migrated,2026-05-25 23:40:35,05_pipeline_experiment
412,3a9b8fd6-92e7-4ce1-89d1-f0025de3bc91,Non-Event,1776329960.27,1776329960.34,1776329960.4099998,1.0,manual,migrated,2026-05-25 23:40:35,05_pipeline_experiment
413,3a9b8fd6-92e7-4ce1-89d1-f0025de3bc91,Non-Event,1776329985.0000002,1776329985.17,1776329985.34,1.0,manual,migrated,2026-05-25 23:40:35,05_pipeline_experiment
414,3a9b8fd6-92e7-4ce1-89d1-f0025de3bc91,Non-Event,1776330015.5300002,1776330015.64,1776330015.75,1.0,manual,migrated,2026-05-25 23:40:35,05_pipeline_experiment
415,3a9b8fd6-92e7-4ce1-89d1-f0025de3bc91,Non-Event,1776330036.7150002,1776330036.81,1776330036.9049997,1.0,manual,migrated,2026-05-25 23:40:35,05_pipeline_experiment
416,3a9b8fd6-92e7-4ce1-89d1-f0025de3bc91,Non-Event,1776330048.8050003,1776330048.91,1776330049.0149999,1.0,manual,migrated,2026-05-25 23:40:35,05_pipeline_experiment
538,40a7a6c4-b8d9-447a-ba96-8503647f43bb,Non-Event,1776413556.8750002,1776413557.09,1776413557.3049996,1.0,manual,migrated,2026-05-25 23:40:35,05_pipeline_experiment
551,40a7a6c4-b8d9-447a-ba96-8503647f43bb,Non-Event,1776413664.315,1776413664.36,1776413664.4049997,1.0,manual,migrated,2026-05-25 23:40:35,05_pipeline_experiment
552,40a7a6c4-b8d9-447a-ba96-8503647f43bb,Non-Event,1776413667.2750003,1776413667.49,1776413667.7049997,1.0,manual,migrated,2026-05-25 23:40:35,05_pipeline_experiment
552,40a7a6c4-b8d9-447a-ba96-8503647f43bb,Non-Event,1776413667.2750003,1776413667.49,1776413667.7049997,1.0,manual,migrated,2026-05-25 23:40:35,05_pipeline_experiment
553,40a7a6c4-b8d9-447a-ba96-8503647f43bb,Non-Event,1776413694.39,1776413694.4,1776413694.41,1.0,manual,migrated,2026-05-25 23:40:35,05_pipeline_experiment
554,40a7a6c4-b8d9-447a-ba96-8503647f43bb,Non-Event,1776413729.835,1776413729.86,1776413729.8849998,1.0,manual,migrated,2026-05-25 23:40:35,05_pipeline_experiment
555,40a7a6c4-b8d9-447a-ba96-8503647f43bb,Non-Event,1776413740.9050002,1776413740.96,1776413741.0149999,1.0,manual,migrated,2026-05-25 23:40:35,05_pipeline_experiment
556,40a7a6c4-b8d9-447a-ba96-8503647f43bb,Non-Event,1776413742.3200002,1776413742.43,1776413742.54,1.0,manual,migrated,2026-05-25 23:40:35,05_pipeline_experiment
557,40a7a6c4-b8d9-447a-ba96-8503647f43bb,Non-Event,1776413749.3050003,1776413749.39,1776413749.475,1.0,manual,migrated,2026-05-25 23:40:35,05_pipeline_experiment
558,40a7a6c4-b8d9-447a-ba96-8503647f43bb,Non-Event,1776413769.39,1776413769.49,1776413769.59,1.0,manual,migrated,2026-05-25 23:40:35,05_pipeline_experiment
559,40a7a6c4-b8d9-447a-ba96-8503647f43bb,Non-Event,1776413786.685,1776413786.77,1776413786.855,1.0,manual,migrated,2026-05-25 23:40:35,05_pipeline_experiment
560,40a7a6c4-b8d9-447a-ba96-8503647f43bb,Non-Event,1776413798.725,1776413798.85,1776413798.975,1.0,manual,migrated,2026-05-25 23:40:35,05_pipeline_experiment
561,40a7a6c4-b8d9-447a-ba96-8503647f43bb,Non-Event,1776413803.035,1776413803.08,1776413803.1249998,1.0,manual,migrated,2026-05-25 23:40:35,05_pipeline_experiment
562,40a7a6c4-b8d9-447a-ba96-8503647f43bb,Non-Event,1776413822.8250003,1776413822.88,1776413822.935,1.0,manual,migrated,2026-05-25 23:40:35,05_pipeline_experiment
564,40a7a6c4-b8d9-447a-ba96-8503647f43bb,Non-Event,1776413828.4650002,1776413828.47,1776413828.475,1.0,manual,migrated,2026-05-25 23:40:35,05_pipeline_experiment
565,40a7a6c4-b8d9-447a-ba96-8503647f43bb,Non-Event,1776413829.4950004,1776413829.68,1776413829.8649998,1.0,manual,migrated,2026-05-25 23:40:35,05_pipeline_experiment
566,40a7a6c4-b8d9-447a-ba96-8503647f43bb,Pothole,1776413842.0500002,1776413842.15,1776413842.25,1.0,manual,migrated,2026-05-25 23:40:35,05_pipeline_experiment
568,40a7a6c4-b8d9-447a-ba96-8503647f43bb,Non-Event,1776413865.7950003,1776413865.89,1776413865.985,1.0,manual,migrated,2026-05-25 23:40:35,05_pipeline_experiment
569,40a7a6c4-b8d9-447a-ba96-8503647f43bb,Non-Event,1776413878.4950001,1776413878.53,1776413878.5649998,1.0,manual,migrated,2026-05-25 23:40:35,05_pipeline_experiment
570,40a7a6c4-b8d9-447a-ba96-8503647f43bb,Non-Event,1776413880.5950003,1776413880.64,1776413880.685,1.0,manual,migrated,2026-05-25 23:40:35,05_pipeline_experiment
571,40a7a6c4-b8d9-447a-ba96-8503647f43bb,Non-Event,1776413887.2100003,1776413887.39,1776413887.57,1.0,manual,migrated,2026-05-25 23:40:35,05_pipeline_experiment
572,40a7a6c4-b8d9-447a-ba96-8503647f43bb,Non-Event,1776413906.9850001,1776413907.11,1776413907.2349997,1.0,manual,migrated,2026-05-25 23:40:35,05_pipeline_experiment
573,40a7a6c4-b8d9-447a-ba96-8503647f43bb,Non-Event,1776413926.3050003,1776413926.41,1776413926.5149999,1.0,manual,migrated,2026-05-25 23:40:35,05_pipeline_experiment
574,40a7a6c4-b8d9-447a-ba96-8503647f43bb,Speed Bump,1776413948.0150003,1776413948.16,1776413948.3049998,1.0,manual,migrated,2026-05-25 23:40:35,05_pipeline_experiment
576,40a7a6c4-b8d9-447a-ba96-8503647f43bb,Non-Event,1776413958.64,1776413958.73,1776413958.82,1.0,manual,migrated,2026-05-25 23:40:35,05_pipeline_experiment
577,40a7a6c4-b8d9-447a-ba96-8503647f43bb,Non-Event,1776413969.795,1776413969.82,1776413969.8449998,1.0,manual,migrated,2026-05-25 23:40:35,05_pipeline_experiment
578,40a7a6c4-b8d9-447a-ba96-8503647f43bb,Non-Event,1776413971.6550002,1776413971.77,1776413971.8849998,1.0,manual,migrated,2026-05-25 23:40:35,05_pipeline_experiment
579,40a7a6c4-b8d9-447a-ba96-8503647f43bb,Non-Event,1776413974.19,1776413974.25,1776413974.31,1.0,manual,migrated,2026-05-25 23:40:35,05_pipeline_experiment
580,40a7a6c4-b8d9-447a-ba96-8503647f43bb,Non-Event,1776413976.1100001,1776413976.23,1776413976.35,1.0,manual,migrated,2026-05-25 23:40:35,05_pipeline_experiment
581,40a7a6c4-b8d9-447a-ba96-8503647f43bb,Non-Event,1776413987.775,1776413987.78,1776413987.7849998,1.0,manual,migrated,2026-05-25 23:40:35,05_pipeline_experiment
582,40a7a6c4-b8d9-447a-ba96-8503647f43bb,Non-Event,1776413992.76,1776413992.85,1776413992.9399998,1.0,manual,migrated,2026-05-25 23:40:35,05_pipeline_experiment
583,40a7a6c4-b8d9-447a-ba96-8503647f43bb,Non-Event,1776413998.81,1776413998.83,1776413998.85,1.0,manual,migrated,2026-05-25 23:40:35,05_pipeline_experiment
584,40a7a6c4-b8d9-447a-ba96-8503647f43bb,Non-Event,1776414004.5700002,1776414004.67,1776414004.77,1.0,manual,migrated,2026-05-25 23:40:35,05_pipeline_experiment
585,40a7a6c4-b8d9-447a-ba96-8503647f43bb,Non-Event,1776414006.2350001,1776414006.26,1776414006.2849998,1.0,manual,migrated,2026-05-25 23:40:35,05_pipeline_experiment
586,40a7a6c4-b8d9-447a-ba96-8503647f43bb,Non-Event,1776414007.59,1776414007.61,1776414007.6299999,1.0,manual,migrated,2026-05-25 23:40:35,05_pipeline_experiment
586,40a7a6c4-b8d9-447a-ba96-8503647f43bb,Non-Event,1776414007.59,1776414007.61,1776414007.6299999,1.0,manual,migrated,2026-05-25 23:40:35,05_pipeline_experiment
587,40a7a6c4-b8d9-447a-ba96-8503647f43bb,Non-Event,1776414015.8200002,1776414015.92,1776414016.02,1.0,manual,migrated,2026-05-25 23:40:35,05_pipeline_experiment
590,40a7a6c4-b8d9-447a-ba96-8503647f43bb,Non-Event,1776414055.3,1776414055.32,1776414055.34,1.0,manual,migrated,2026-05-25 23:40:35,05_pipeline_experiment
591,40a7a6c4-b8d9-447a-ba96-8503647f43bb,Non-Event,1776414064.535,1776414064.57,1776414064.6049998,1.0,manual,migrated,2026-05-25 23:40:35,05_pipeline_experiment
592,40a7a6c4-b8d9-447a-ba96-8503647f43bb,Non-Event,1776414081.9,1776414082.0,1776414082.1,1.0,manual,migrated,2026-05-25 23:40:35,05_pipeline_experiment
593,40a7a6c4-b8d9-447a-ba96-8503647f43bb,Non-Event,1776414083.96,1776414084.0,1776414084.04,1.0,manual,migrated,2026-05-25 23:40:35,05_pipeline_experiment
593,40a7a6c4-b8d9-447a-ba96-8503647f43bb,Non-Event,1776414083.96,1776414084.0,1776414084.04,1.0,manual,migrated,2026-05-25 23:40:35,05_pipeline_experiment
594,40a7a6c4-b8d9-447a-ba96-8503647f43bb,Non-Event,1776414086.19,1776414086.21,1776414086.23,1.0,manual,migrated,2026-05-25 23:40:35,05_pipeline_experiment
595,40a7a6c4-b8d9-447a-ba96-8503647f43bb,Non-Event,1776414094.1100001,1776414094.16,1776414094.21,1.0,manual,migrated,2026-05-25 23:40:35,05_pipeline_experiment
596,40a7a6c4-b8d9-447a-ba96-8503647f43bb,Non-Event,1776414100.9,1776414100.97,1776414101.04,1.0,manual,migrated,2026-05-25 23:40:35,05_pipeline_experiment
417,44eda033-50cf-4664-89ef-2aa88372c53f,Non-Event,1776330075.9450002,1776330076.1,1776330076.2549996,1.0,manual,migrated,2026-05-25 23:40:35,05_pipeline_experiment
418,44eda033-50cf-4664-89ef-2aa88372c53f,Non-Event,1776330082.38,1776330082.39,1776330082.4,1.0,manual,migrated,2026-05-25 23:40:35,05_pipeline_experiment
420,44eda033-50cf-4664-89ef-2aa88372c53f,Pothole,1776330092.375,1776330092.46,1776330092.545,1.0,manual,migrated,2026-05-25 23:40:35,05_pipeline_experiment
421,44eda033-50cf-4664-89ef-2aa88372c53f,Pothole,1776330094.8850002,1776330094.93,1776330094.975,1.0,manual,migrated,2026-05-25 23:40:35,05_pipeline_experiment
422,44eda033-50cf-4664-89ef-2aa88372c53f,Non-Event,1776330133.39,1776330133.49,1776330133.59,1.0,manual,migrated,2026-05-25 23:40:35,05_pipeline_experiment
423,44eda033-50cf-4664-89ef-2aa88372c53f,Non-Event,1776330152.7650003,1776330152.88,1776330152.995,1.0,manual,migrated,2026-05-25 23:40:35,05_pipeline_experiment
424,44eda033-50cf-4664-89ef-2aa88372c53f,Non-Event,1776330210.55,1776330210.59,1776330210.6299999,1.0,manual,migrated,2026-05-25 23:40:35,05_pipeline_experiment
425,44eda033-50cf-4664-89ef-2aa88372c53f,Non-Event,1776330213.03,1776330213.11,1776330213.1899998,1.0,manual,migrated,2026-05-25 23:40:35,05_pipeline_experiment
426,44eda033-50cf-4664-89ef-2aa88372c53f,Non-Event,1776330216.67,1776330216.75,1776330216.83,1.0,manual,migrated,2026-05-25 23:40:35,05_pipeline_experiment
426,44eda033-50cf-4664-89ef-2aa88372c53f,Pothole,1776330216.67,1776330216.75,1776330216.83,1.0,manual,migrated,2026-05-25 23:40:35,05_pipeline_experiment
428,44eda033-50cf-4664-89ef-2aa88372c53f,Pothole,1776330242.3450003,1776330242.49,1776330242.6349998,1.0,manual,migrated,2026-05-25 23:40:35,05_pipeline_experiment
429,44eda033-50cf-4664-89ef-2aa88372c53f,Non-Event,1776330324.285,1776330324.36,1776330324.4349997,1.0,manual,migrated,2026-05-25 23:40:35,05_pipeline_experiment
430,44eda033-50cf-4664-89ef-2aa88372c53f,Speed Bump,1776330352.0000002,1776330352.13,1776330352.26,1.0,manual,migrated,2026-05-25 23:40:35,05_pipeline_experiment
431,44eda033-50cf-4664-89ef-2aa88372c53f,Non-Event,1776330363.0550003,1776330363.17,1776330363.2849998,1.0,manual,migrated,2026-05-25 23:40:35,05_pipeline_experiment
433,44eda033-50cf-4664-89ef-2aa88372c53f,Non-Event,1776330394.98,1776330395.02,1776330395.06,1.0,manual,migrated,2026-05-25 23:40:35,05_pipeline_experiment
434,44eda033-50cf-4664-89ef-2aa88372c53f,Non-Event,1776330409.23,1776330409.32,1776330409.4099998,1.0,manual,migrated,2026-05-25 23:40:35,05_pipeline_experiment
435,44eda033-50cf-4664-89ef-2aa88372c53f,Non-Event,1776330412.3850002,1776330412.49,1776330412.5949998,1.0,manual,migrated,2026-05-25 23:40:35,05_pipeline_experiment
436,44eda033-50cf-4664-89ef-2aa88372c53f,Non-Event,1776330445.4550002,1776330445.5,1776330445.5449998,1.0,manual,migrated,2026-05-25 23:40:35,05_pipeline_experiment
437,44eda033-50cf-4664-89ef-2aa88372c53f,Non-Event,1776330450.44,1776330450.51,1776330450.58,1.0,manual,migrated,2026-05-25 23:40:35,05_pipeline_experiment
438,44eda033-50cf-4664-89ef-2aa88372c53f,Non-Event,1776330465.6000001,1776330465.74,1776330465.8799999,1.0,manual,migrated,2026-05-25 23:40:35,05_pipeline_experiment
439,44eda033-50cf-4664-89ef-2aa88372c53f,Non-Event,1776330470.1550002,1776330470.26,1776330470.3649998,1.0,manual,migrated,2026-05-25 23:40:35,05_pipeline_experiment
440,44eda033-50cf-4664-89ef-2aa88372c53f,Non-Event,1776330474.8550003,1776330475.0,1776330475.1449997,1.0,manual,migrated,2026-05-25 23:40:35,05_pipeline_experiment
442,44eda033-50cf-4664-89ef-2aa88372c53f,Non-Event,1776330486.92,1776330486.98,1776330487.04,1.0,manual,migrated,2026-05-25 23:40:35,05_pipeline_experiment
443,44eda033-50cf-4664-89ef-2aa88372c53f,Non-Event,1776330506.75,1776330506.8,1776330506.85,1.0,manual,migrated,2026-05-25 23:40:35,05_pipeline_experiment
444,44eda033-50cf-4664-89ef-2aa88372c53f,Non-Event,1776330510.74,1776330510.83,1776330510.9199998,1.0,manual,migrated,2026-05-25 23:40:35,05_pipeline_experiment
445,44eda033-50cf-4664-89ef-2aa88372c53f,Non-Event,1776330538.095,1776330538.12,1776330538.1449997,1.0,manual,migrated,2026-05-25 23:40:35,05_pipeline_experiment
446,44eda033-50cf-4664-89ef-2aa88372c53f,Non-Event,1776330570.3200002,1776330570.41,1776330570.5,1.0,manual,migrated,2026-05-25 23:40:35,05_pipeline_experiment
447,44eda033-50cf-4664-89ef-2aa88372c53f,Non-Event,1776330580.97,1776330581.07,1776330581.1699998,1.0,manual,migrated,2026-05-25 23:40:35,05_pipeline_experiment
448,44eda033-50cf-4664-89ef-2aa88372c53f,Non-Event,1776330604.19,1776330604.2,1776330604.21,1.0,manual,migrated,2026-05-25 23:40:35,05_pipeline_experiment
449,44eda033-50cf-4664-89ef-2aa88372c53f,Pothole,1776330657.2350001,1776330657.39,1776330657.545,1.0,manual,migrated,2026-05-25 23:40:35,05_pipeline_experiment
451,44eda033-50cf-4664-89ef-2aa88372c53f,Non-Event,1776330691.0950003,1776330691.15,1776330691.205,1.0,manual,migrated,2026-05-25 23:40:35,05_pipeline_experiment
453,44eda033-50cf-4664-89ef-2aa88372c53f,Non-Event,1776330708.3049998,1776330708.36,1776330708.415,1.0,manual,migrated,2026-05-25 23:40:35,05_pipeline_experiment
454,44eda033-50cf-4664-89ef-2aa88372c53f,Non-Event,1776330712.6350002,1776330712.7,1776330712.7649999,1.0,manual,migrated,2026-05-25 23:40:35,05_pipeline_experiment
455,44eda033-50cf-4664-89ef-2aa88372c53f,Non-Event,1776330731.055,1776330731.07,1776330731.0849998,1.0,manual,migrated,2026-05-25 23:40:35,05_pipeline_experiment
456,44eda033-50cf-4664-89ef-2aa88372c53f,Pothole,1776330736.0100002,1776330736.23,1776330736.4499998,1.0,manual,migrated,2026-05-25 23:40:35,05_pipeline_experiment
457,44eda033-50cf-4664-89ef-2aa88372c53f,Non-Event,1776330752.91,1776330752.92,1776330752.93,1.0,manual,migrated,2026-05-25 23:40:35,05_pipeline_experiment
327,606f1311-3f3f-40aa-9c26-05d27f54675c,Non-Event,1776328623.2450004,1776328623.46,1776328623.6749997,1.0,manual,migrated,2026-05-25 23:40:35,05_pipeline_experiment
334,606f1311-3f3f-40aa-9c26-05d27f54675c,Non-Event,1776328803.8750002,1776328803.92,1776328803.965,1.0,manual,migrated,2026-05-25 23:40:35,05_pipeline_experiment
337,606f1311-3f3f-40aa-9c26-05d27f54675c,Non-Event,1776328910.665,1776328910.72,1776328910.775,1.0,manual,migrated,2026-05-25 23:40:35,05_pipeline_experiment
338,606f1311-3f3f-40aa-9c26-05d27f54675c,Non-Event,1776328917.32,1776328917.36,1776328917.3999999,1.0,manual,migrated,2026-05-25 23:40:35,05_pipeline_experiment
339,606f1311-3f3f-40aa-9c26-05d27f54675c,Non-Event,1776328923.13,1776328923.18,1776328923.23,1.0,manual,migrated,2026-05-25 23:40:35,05_pipeline_experiment
341,606f1311-3f3f-40aa-9c26-05d27f54675c,Non-Event,1776328974.535,1776328974.55,1776328974.5649998,1.0,manual,migrated,2026-05-25 23:40:35,05_pipeline_experiment
343,606f1311-3f3f-40aa-9c26-05d27f54675c,Non-Event,1776328986.8400002,1776328986.92,1776328987.0,1.0,manual,migrated,2026-05-25 23:40:35,05_pipeline_experiment
345,606f1311-3f3f-40aa-9c26-05d27f54675c,Non-Event,1776329018.8150003,1776329018.92,1776329019.0249999,1.0,manual,migrated,2026-05-25 23:40:35,05_pipeline_experiment
347,606f1311-3f3f-40aa-9c26-05d27f54675c,Non-Event,1776329052.7,1776329052.76,1776329052.82,1.0,manual,migrated,2026-05-25 23:40:35,05_pipeline_experiment
349,606f1311-3f3f-40aa-9c26-05d27f54675c,Non-Event,1776329077.255,1776329077.33,1776329077.4049997,1.0,manual,migrated,2026-05-25 23:40:35,05_pipeline_experiment
351,606f1311-3f3f-40aa-9c26-05d27f54675c,Non-Event,1776329095.24,1776329095.35,1776329095.4599998,1.0,manual,migrated,2026-05-25 23:40:35,05_pipeline_experiment
352,606f1311-3f3f-40aa-9c26-05d27f54675c,Non-Event,1776329098.65,1776329098.82,1776329098.9899998,1.0,manual,migrated,2026-05-25 23:40:35,05_pipeline_experiment
354,606f1311-3f3f-40aa-9c26-05d27f54675c,Non-Event,1776329119.9050002,1776329120.04,1776329120.1749997,1.0,manual,migrated,2026-05-25 23:40:35,05_pipeline_experiment
356,606f1311-3f3f-40aa-9c26-05d27f54675c,Non-Event,1776329161.3400002,1776329161.46,1776329161.58,1.0,manual,migrated,2026-05-25 23:40:35,05_pipeline_experiment
357,606f1311-3f3f-40aa-9c26-05d27f54675c,Non-Event,1776329165.71,1776329165.83,1776329165.9499998,1.0,manual,migrated,2026-05-25 23:40:35,05_pipeline_experiment
358,606f1311-3f3f-40aa-9c26-05d27f54675c,Non-Event,1776329171.065,1776329171.19,1776329171.315,1.0,manual,migrated,2026-05-25 23:40:35,05_pipeline_experiment
359,606f1311-3f3f-40aa-9c26-05d27f54675c,Non-Event,1776329188.2250001,1776329188.3,1776329188.3749998,1.0,manual,migrated,2026-05-25 23:40:35,05_pipeline_experiment
362,606f1311-3f3f-40aa-9c26-05d27f54675c,Non-Event,1776329231.1450002,1776329231.24,1776329231.3349998,1.0,manual,migrated,2026-05-25 23:40:35,05_pipeline_experiment
363,606f1311-3f3f-40aa-9c26-05d27f54675c,Non-Event,1776329239.77,1776329239.87,1776329239.9699998,1.0,manual,migrated,2026-05-25 23:40:35,05_pipeline_experiment
364,606f1311-3f3f-40aa-9c26-05d27f54675c,Non-Event,1776329244.1100001,1776329244.19,1776329244.27,1.0,manual,migrated,2026-05-25 23:40:35,05_pipeline_experiment
365,606f1311-3f3f-40aa-9c26-05d27f54675c,Non-Event,1776329256.6200001,1776329256.72,1776329256.82,1.0,manual,migrated,2026-05-25 23:40:35,05_pipeline_experiment
366,606f1311-3f3f-40aa-9c26-05d27f54675c,Non-Event,1776329262.3050003,1776329262.44,1776329262.5749998,1.0,manual,migrated,2026-05-25 23:40:35,05_pipeline_experiment
235,635ce134-fb1a-4d66-97a1-2eba272d836a,Non-Event,1776327160.3850002,1776327160.6,1776327160.8149996,1.0,manual,migrated,2026-05-25 23:40:35,05_pipeline_experiment
236,635ce134-fb1a-4d66-97a1-2eba272d836a,Non-Event,1776327168.92,1776327169.02,1776327169.12,1.0,manual,migrated,2026-05-25 23:40:35,05_pipeline_experiment
237,635ce134-fb1a-4d66-97a1-2eba272d836a,Pothole,1776327186.4950004,1776327186.66,1776327186.8249998,1.0,manual,migrated,2026-05-25 23:40:35,05_pipeline_experiment
240,635ce134-fb1a-4d66-97a1-2eba272d836a,Non-Event,1776327210.16,1776327210.18,1776327210.2,1.0,manual,migrated,2026-05-25 23:40:35,05_pipeline_experiment
242,635ce134-fb1a-4d66-97a1-2eba272d836a,Non-Event,1776327230.255,1776327230.26,1776327230.2649999,1.0,manual,migrated,2026-05-25 23:40:35,05_pipeline_experiment
244,635ce134-fb1a-4d66-97a1-2eba272d836a,Non-Event,1776327265.515,1776327265.59,1776327265.6649997,1.0,manual,migrated,2026-05-25 23:40:35,05_pipeline_experiment
246,635ce134-fb1a-4d66-97a1-2eba272d836a,Non-Event,1776327333.5150003,1776327333.64,1776327333.7649999,1.0,manual,migrated,2026-05-25 23:40:35,05_pipeline_experiment
247,635ce134-fb1a-4d66-97a1-2eba272d836a,Non-Event,1776327339.0750003,1776327339.14,1776327339.205,1.0,manual,migrated,2026-05-25 23:40:35,05_pipeline_experiment
248,635ce134-fb1a-4d66-97a1-2eba272d836a,Non-Event,1776327380.0950003,1776327380.14,1776327380.185,1.0,manual,migrated,2026-05-25 23:40:35,05_pipeline_experiment
249,635ce134-fb1a-4d66-97a1-2eba272d836a,Non-Event,1776327382.97,1776327383.05,1776327383.1299999,1.0,manual,migrated,2026-05-25 23:40:35,05_pipeline_experiment
250,635ce134-fb1a-4d66-97a1-2eba272d836a,Non-Event,1776327440.865,1776327440.87,1776327440.8749998,1.0,manual,migrated,2026-05-25 23:40:35,05_pipeline_experiment
251,635ce134-fb1a-4d66-97a1-2eba272d836a,Non-Event,1776327450.93,1776327451.07,1776327451.2099998,1.0,manual,migrated,2026-05-25 23:40:35,05_pipeline_experiment
252,635ce134-fb1a-4d66-97a1-2eba272d836a,Non-Event,1776327483.77,1776327483.81,1776327483.85,1.0,manual,migrated,2026-05-25 23:40:35,05_pipeline_experiment
253,635ce134-fb1a-4d66-97a1-2eba272d836a,Non-Event,1776327505.41,1776327505.48,1776327505.55,1.0,manual,migrated,2026-05-25 23:40:35,05_pipeline_experiment
255,635ce134-fb1a-4d66-97a1-2eba272d836a,Non-Event,1776327515.55,1776327515.6,1776327515.6499999,1.0,manual,migrated,2026-05-25 23:40:35,05_pipeline_experiment
256,635ce134-fb1a-4d66-97a1-2eba272d836a,Non-Event,1776327523.82,1776327523.85,1776327523.8799999,1.0,manual,migrated,2026-05-25 23:40:35,05_pipeline_experiment
257,635ce134-fb1a-4d66-97a1-2eba272d836a,Non-Event,1776327547.3350003,1776327547.43,1776327547.5249999,1.0,manual,migrated,2026-05-25 23:40:35,05_pipeline_experiment
257,635ce134-fb1a-4d66-97a1-2eba272d836a,Non-Event,1776327547.3350003,1776327547.43,1776327547.5249999,1.0,manual,migrated,2026-05-25 23:40:35,05_pipeline_experiment
258,635ce134-fb1a-4d66-97a1-2eba272d836a,Non-Event,1776327556.6650002,1776327556.7,1776327556.735,1.0,manual,migrated,2026-05-25 23:40:35,05_pipeline_experiment
258,635ce134-fb1a-4d66-97a1-2eba272d836a,Non-Event,1776327556.6650002,1776327556.7,1776327556.735,1.0,manual,migrated,2026-05-25 23:40:35,05_pipeline_experiment
259,635ce134-fb1a-4d66-97a1-2eba272d836a,Non-Event,1776327565.1000001,1776327565.2,1776327565.3,1.0,manual,migrated,2026-05-25 23:40:35,05_pipeline_experiment
260,635ce134-fb1a-4d66-97a1-2eba272d836a,Non-Event,1776327572.0500002,1776327572.14,1776327572.23,1.0,manual,migrated,2026-05-25 23:40:35,05_pipeline_experiment
261,635ce134-fb1a-4d66-97a1-2eba272d836a,Non-Event,1776327586.89,1776327586.96,1776327587.03,1.0,manual,migrated,2026-05-25 23:40:35,05_pipeline_experiment
262,635ce134-fb1a-4d66-97a1-2eba272d836a,Non-Event,1776327626.48,1776327626.62,1776327626.7599998,1.0,manual,migrated,2026-05-25 23:40:35,05_pipeline_experiment
263,635ce134-fb1a-4d66-97a1-2eba272d836a,Non-Event,1776327632.5600002,1776327632.66,1776327632.76,1.0,manual,migrated,2026-05-25 23:40:35,05_pipeline_experiment
265,635ce134-fb1a-4d66-97a1-2eba272d836a,Non-Event,1776327655.47,1776327655.53,1776327655.59,1.0,manual,migrated,2026-05-25 23:40:35,05_pipeline_experiment
267,635ce134-fb1a-4d66-97a1-2eba272d836a,Non-Event,1776327666.7150002,1776327666.8,1776327666.8849998,1.0,manual,migrated,2026-05-25 23:40:35,05_pipeline_experiment
269,635ce134-fb1a-4d66-97a1-2eba272d836a,Non-Event,1776327686.835,1776327686.84,1776327686.8449998,1.0,manual,migrated,2026-05-25 23:40:35,05_pipeline_experiment
270,635ce134-fb1a-4d66-97a1-2eba272d836a,Non-Event,1776327688.0200002,1776327688.14,1776327688.26,1.0,manual,migrated,2026-05-25 23:40:35,05_pipeline_experiment
271,635ce134-fb1a-4d66-97a1-2eba272d836a,Non-Event,1776327728.5800002,1776327728.68,1776327728.78,1.0,manual,migrated,2026-05-25 23:40:35,05_pipeline_experiment
272,635ce134-fb1a-4d66-97a1-2eba272d836a,Non-Event,1776327745.1100001,1776327745.17,1776327745.23,1.0,manual,migrated,2026-05-25 23:40:35,05_pipeline_experiment
274,635ce134-fb1a-4d66-97a1-2eba272d836a,Non-Event,1776327775.2450001,1776327775.26,1776327775.2749999,1.0,manual,migrated,2026-05-25 23:40:35,05_pipeline_experiment
277,7b68bd61-6146-4cdb-8ad6-424ae6e78950,Non-Event,1776327832.9050002,1776327833.12,1776327833.3349996,1.0,manual,migrated,2026-05-25 23:40:35,05_pipeline_experiment
278,7b68bd61-6146-4cdb-8ad6-424ae6e78950,Non-Event,1776327892.13,1776327892.14,1776327892.15,1.0,manual,migrated,2026-05-25 23:40:35,05_pipeline_experiment
280,7b68bd61-6146-4cdb-8ad6-424ae6e78950,Pothole,1776327905.47,1776327905.54,1776327905.61,1.0,manual,migrated,2026-05-25 23:40:35,05_pipeline_experiment
281,7b68bd61-6146-4cdb-8ad6-424ae6e78950,Pothole,1776327906.875,1776327907.04,1776327907.205,1.0,manual,migrated,2026-05-25 23:40:35,05_pipeline_experiment
283,7b68bd61-6146-4cdb-8ad6-424ae6e78950,Non-Event,1776327951.5950003,1776327951.69,1776327951.7849998,1.0,manual,migrated,2026-05-25 23:40:35,05_pipeline_experiment
284,7b68bd61-6146-4cdb-8ad6-424ae6e78950,Pothole,1776327954.1100001,1776327954.32,1776327954.5299997,1.0,manual,migrated,2026-05-25 23:40:35,05_pipeline_experiment
286,7b68bd61-6146-4cdb-8ad6-424ae6e78950,Pothole,1776327970.7200003,1776327970.88,1776327971.04,1.0,manual,migrated,2026-05-25 23:40:35,05_pipeline_experiment
287,7b68bd61-6146-4cdb-8ad6-424ae6e78950,Pothole,1776327982.29,1776327982.33,1776327982.37,1.0,manual,migrated,2026-05-25 23:40:35,05_pipeline_experiment
289,7b68bd61-6146-4cdb-8ad6-424ae6e78950,Non-Event,1776328000.71,1776328000.76,1776328000.81,1.0,manual,migrated,2026-05-25 23:40:35,05_pipeline_experiment
290,7b68bd61-6146-4cdb-8ad6-424ae6e78950,Non-Event,1776328021.2800002,1776328021.38,1776328021.48,1.0,manual,migrated,2026-05-25 23:40:35,05_pipeline_experiment
291,7b68bd61-6146-4cdb-8ad6-424ae6e78950,Non-Event,1776328024.7900002,1776328024.89,1776328024.99,1.0,manual,migrated,2026-05-25 23:40:35,05_pipeline_experiment
292,7b68bd61-6146-4cdb-8ad6-424ae6e78950,Pothole,1776328037.915,1776328038.07,1776328038.225,1.0,manual,migrated,2026-05-25 23:40:35,05_pipeline_experiment
293,7b68bd61-6146-4cdb-8ad6-424ae6e78950,Non-Event,1776328076.71,1776328076.81,1776328076.9099998,1.0,manual,migrated,2026-05-25 23:40:35,05_pipeline_experiment
294,7b68bd61-6146-4cdb-8ad6-424ae6e78950,Non-Event,1776328087.4550002,1776328087.46,1776328087.465,1.0,manual,migrated,2026-05-25 23:40:35,05_pipeline_experiment
295,7b68bd61-6146-4cdb-8ad6-424ae6e78950,Non-Event,1776328102.5700002,1776328102.67,1776328102.77,1.0,manual,migrated,2026-05-25 23:40:35,05_pipeline_experiment
296,7b68bd61-6146-4cdb-8ad6-424ae6e78950,Non-Event,1776328110.03,1776328110.05,1776328110.07,1.0,manual,migrated,2026-05-25 23:40:35,05_pipeline_experiment
297,7b68bd61-6146-4cdb-8ad6-424ae6e78950,Non-Event,1776328125.8250003,1776328125.88,1776328125.935,1.0,manual,migrated,2026-05-25 23:40:35,05_pipeline_experiment
298,7b68bd61-6146-4cdb-8ad6-424ae6e78950,Non-Event,1776328132.14,1776328132.24,1776328132.34,1.0,manual,migrated,2026-05-25 23:40:35,05_pipeline_experiment
299,7b68bd61-6146-4cdb-8ad6-424ae6e78950,Non-Event,1776328141.015,1776328141.03,1776328141.0449998,1.0,manual,migrated,2026-05-25 23:40:35,05_pipeline_experiment
301,7b68bd61-6146-4cdb-8ad6-424ae6e78950,Non-Event,1776328177.1000001,1776328177.17,1776328177.24,1.0,manual,migrated,2026-05-25 23:40:35,05_pipeline_experiment
302,7b68bd61-6146-4cdb-8ad6-424ae6e78950,Non-Event,1776328186.9250002,1776328186.97,1776328187.0149999,1.0,manual,migrated,2026-05-25 23:40:35,05_pipeline_experiment
303,7b68bd61-6146-4cdb-8ad6-424ae6e78950,Non-Event,1776328191.73,1776328191.83,1776328191.9299998,1.0,manual,migrated,2026-05-25 23:40:35,05_pipeline_experiment
305,7b68bd61-6146-4cdb-8ad6-424ae6e78950,Non-Event,1776328232.0,1776328232.08,1776328232.1599998,1.0,manual,migrated,2026-05-25 23:40:35,05_pipeline_experiment
306,7b68bd61-6146-4cdb-8ad6-424ae6e78950,Non-Event,1776328258.275,1776328258.32,1776328258.3649998,1.0,manual,migrated,2026-05-25 23:40:35,05_pipeline_experiment
307,7b68bd61-6146-4cdb-8ad6-424ae6e78950,Non-Event,1776328273.9650002,1776328274.04,1776328274.1149998,1.0,manual,migrated,2026-05-25 23:40:35,05_pipeline_experiment
308,7b68bd61-6146-4cdb-8ad6-424ae6e78950,Non-Event,1776328276.53,1776328276.57,1776328276.61,1.0,manual,migrated,2026-05-25 23:40:35,05_pipeline_experiment
309,7b68bd61-6146-4cdb-8ad6-424ae6e78950,Non-Event,1776328290.325,1776328290.33,1776328290.3349998,1.0,manual,migrated,2026-05-25 23:40:35,05_pipeline_experiment
311,7b68bd61-6146-4cdb-8ad6-424ae6e78950,Non-Event,1776328354.3250003,1776328354.43,1776328354.5349998,1.0,manual,migrated,2026-05-25 23:40:35,05_pipeline_experiment
312,7b68bd61-6146-4cdb-8ad6-424ae6e78950,Non-Event,1776328358.88,1776328358.96,1776328359.04,1.0,manual,migrated,2026-05-25 23:40:35,05_pipeline_experiment
313,7b68bd61-6146-4cdb-8ad6-424ae6e78950,Non-Event,1776328363.305,1776328363.37,1776328363.4349997,1.0,manual,migrated,2026-05-25 23:40:35,05_pipeline_experiment
314,7b68bd61-6146-4cdb-8ad6-424ae6e78950,Non-Event,1776328373.8350003,1776328373.9,1776328373.965,1.0,manual,migrated,2026-05-25 23:40:35,05_pipeline_experiment
315,7b68bd61-6146-4cdb-8ad6-424ae6e78950,Non-Event,1776328385.5450003,1776328385.68,1776328385.8149998,1.0,manual,migrated,2026-05-25 23:40:35,05_pipeline_experiment
316,7b68bd61-6146-4cdb-8ad6-424ae6e78950,Pothole,1776328391.105,1776328391.27,1776328391.435,1.0,manual,migrated,2026-05-25 23:40:35,05_pipeline_experiment
317,7b68bd61-6146-4cdb-8ad6-424ae6e78950,Non-Event,1776328410.765,1776328410.77,1776328410.7749999,1.0,manual,migrated,2026-05-25 23:40:35,05_pipeline_experiment
318,7b68bd61-6146-4cdb-8ad6-424ae6e78950,Non-Event,1776328420.9150002,1776328420.95,1776328420.985,1.0,manual,migrated,2026-05-25 23:40:35,05_pipeline_experiment
319,7b68bd61-6146-4cdb-8ad6-424ae6e78950,Non-Event,1776328448.3050003,1776328448.47,1776328448.6349998,1.0,manual,migrated,2026-05-25 23:40:35,05_pipeline_experiment
320,7b68bd61-6146-4cdb-8ad6-424ae6e78950,Non-Event,1776328452.035,1776328452.07,1776328452.1049998,1.0,manual,migrated,2026-05-25 23:40:35,05_pipeline_experiment
321,7b68bd61-6146-4cdb-8ad6-424ae6e78950,Non-Event,1776328460.02,1776328460.12,1776328460.2199998,1.0,manual,migrated,2026-05-25 23:40:35,05_pipeline_experiment
322,7b68bd61-6146-4cdb-8ad6-424ae6e78950,Non-Event,1776328463.22,1776328463.27,1776328463.32,1.0,manual,migrated,2026-05-25 23:40:35,05_pipeline_experiment
323,7b68bd61-6146-4cdb-8ad6-424ae6e78950,Non-Event,1776328511.1200001,1776328511.17,1776328511.22,1.0,manual,migrated,2026-05-25 23:40:35,05_pipeline_experiment
324,7b68bd61-6146-4cdb-8ad6-424ae6e78950,Non-Event,1776328559.6000001,1776328559.7,1776328559.8,1.0,manual,migrated,2026-05-25 23:40:35,05_pipeline_experiment
325,7b68bd61-6146-4cdb-8ad6-424ae6e78950,Non-Event,1776328563.14,1776328563.2,1776328563.26,1.0,manual,migrated,2026-05-25 23:40:35,05_pipeline_experiment
459,c72307ef-f384-4659-aded-5319b398f560,Non-Event,1776412458.6950002,1776412458.74,1776412458.7849998,1.0,manual,migrated,2026-05-25 23:40:35,05_pipeline_experiment
460,c72307ef-f384-4659-aded-5319b398f560,Non-Event,1776412460.825,1776412460.85,1776412460.8749998,1.0,manual,migrated,2026-05-25 23:40:35,05_pipeline_experiment
461,c72307ef-f384-4659-aded-5319b398f560,Non-Event,1776412483.41,1776412483.46,1776412483.51,1.0,manual,migrated,2026-05-25 23:40:35,05_pipeline_experiment
462,c72307ef-f384-4659-aded-5319b398f560,Pothole,1776412488.6950002,1776412488.79,1776412488.8849998,1.0,manual,migrated,2026-05-25 23:40:35,05_pipeline_experiment
463,c72307ef-f384-4659-aded-5319b398f560,Non-Event,1776412517.6250002,1776412517.65,1776412517.675,1.0,manual,migrated,2026-05-25 23:40:35,05_pipeline_experiment
464,c72307ef-f384-4659-aded-5319b398f560,Non-Event,1776412554.98,1776412555.05,1776412555.12,1.0,manual,migrated,2026-05-25 23:40:35,05_pipeline_experiment
465,c72307ef-f384-4659-aded-5319b398f560,Non-Event,1776412574.3200002,1776412574.44,1776412574.56,1.0,manual,migrated,2026-05-25 23:40:35,05_pipeline_experiment
466,c72307ef-f384-4659-aded-5319b398f560,Non-Event,1776412591.795,1776412591.82,1776412591.8449998,1.0,manual,migrated,2026-05-25 23:40:35,05_pipeline_experiment
468,c72307ef-f384-4659-aded-5319b398f560,Pothole,1776412655.77,1776412655.86,1776412655.9499998,1.0,manual,migrated,2026-05-25 23:40:35,05_pipeline_experiment
469,c72307ef-f384-4659-aded-5319b398f560,Pothole,1776412666.95,1776412666.99,1776412667.03,1.0,manual,migrated,2026-05-25 23:40:35,05_pipeline_experiment
470,c72307ef-f384-4659-aded-5319b398f560,Non-Event,1776412674.4,1776412674.43,1776412674.46,1.0,manual,migrated,2026-05-25 23:40:35,05_pipeline_experiment
471,c72307ef-f384-4659-aded-5319b398f560,Non-Event,1776412676.8500001,1776412676.94,1776412677.03,1.0,manual,migrated,2026-05-25 23:40:35,05_pipeline_experiment
473,c72307ef-f384-4659-aded-5319b398f560,Non-Event,1776412728.7350001,1776412728.82,1776412728.9049997,1.0,manual,migrated,2026-05-25 23:40:35,05_pipeline_experiment
474,c72307ef-f384-4659-aded-5319b398f560,Non-Event,1776412732.89,1776412732.99,1776412733.09,1.0,manual,migrated,2026-05-25 23:40:35,05_pipeline_experiment
475,c72307ef-f384-4659-aded-5319b398f560,Non-Event,1776412735.6650002,1776412735.74,1776412735.8149998,1.0,manual,migrated,2026-05-25 23:40:35,05_pipeline_experiment
476,c72307ef-f384-4659-aded-5319b398f560,Speed Bump,1776412746.16,1776412746.27,1776412746.3799999,1.0,manual,migrated,2026-05-25 23:40:35,05_pipeline_experiment
477,c72307ef-f384-4659-aded-5319b398f560,Non-Event,1776412753.8250003,1776412753.9,1776412753.975,1.0,manual,migrated,2026-05-25 23:40:35,05_pipeline_experiment
479,c72307ef-f384-4659-aded-5319b398f560,Pothole,1776412770.6550002,1776412770.75,1776412770.8449998,1.0,manual,migrated,2026-05-25 23:40:35,05_pipeline_experiment
480,c72307ef-f384-4659-aded-5319b398f560,Pothole,1776412775.3100002,1776412775.38,1776412775.45,1.0,manual,migrated,2026-05-25 23:40:35,05_pipeline_experiment
481,c72307ef-f384-4659-aded-5319b398f560,Pothole,1776412777.5050004,1776412777.65,1776412777.7949998,1.0,manual,migrated,2026-05-25 23:40:35,05_pipeline_experiment
482,c72307ef-f384-4659-aded-5319b398f560,Pothole,1776412778.645,1776412778.8,1776412778.955,1.0,manual,migrated,2026-05-25 23:40:35,05_pipeline_experiment
483,c72307ef-f384-4659-aded-5319b398f560,Pothole,1776412794.1750002,1776412794.18,1776412794.185,1.0,manual,migrated,2026-05-25 23:40:35,05_pipeline_experiment
484,c72307ef-f384-4659-aded-5319b398f560,Pothole,1776412805.565,1776412805.69,1776412805.815,1.0,manual,migrated,2026-05-25 23:40:35,05_pipeline_experiment
485,c72307ef-f384-4659-aded-5319b398f560,Non-Event,1776412825.28,1776412825.3,1776412825.32,1.0,manual,migrated,2026-05-25 23:40:35,05_pipeline_experiment
486,c72307ef-f384-4659-aded-5319b398f560,Non-Event,1776412843.1,1776412843.11,1776412843.12,1.0,manual,migrated,2026-05-25 23:40:35,05_pipeline_experiment
488,c72307ef-f384-4659-aded-5319b398f560,Non-Event,1776412856.8100002,1776412856.99,1776412857.1699998,1.0,manual,migrated,2026-05-25 23:40:35,05_pipeline_experiment
489,c72307ef-f384-4659-aded-5319b398f560,Non-Event,1776412861.6650002,1776412861.69,1776412861.715,1.0,manual,migrated,2026-05-25 23:40:35,05_pipeline_experiment
490,c72307ef-f384-4659-aded-5319b398f560,Non-Event,1776412862.67,1776412862.71,1776412862.75,1.0,manual,migrated,2026-05-25 23:40:35,05_pipeline_experiment
491,c72307ef-f384-4659-aded-5319b398f560,Non-Event,1776412875.82,1776412875.83,1776412875.84,1.0,manual,migrated,2026-05-25 23:40:35,05_pipeline_experiment
492,c72307ef-f384-4659-aded-5319b398f560,Non-Event,1776412885.0,1776412885.04,1776412885.08,1.0,manual,migrated,2026-05-25 23:40:35,05_pipeline_experiment
493,c72307ef-f384-4659-aded-5319b398f560,Non-Event,1776412898.4250002,1776412898.58,1776412898.7349997,1.0,manual,migrated,2026-05-25 23:40:35,05_pipeline_experiment
494,c72307ef-f384-4659-aded-5319b398f560,Pothole,1776412905.025,1776412905.19,1776412905.355,1.0,manual,migrated,2026-05-25 23:40:35,05_pipeline_experiment
496,c72307ef-f384-4659-aded-5319b398f560,Non-Event,1776412952.2850003,1776412952.47,1776412952.6549997,1.0,manual,migrated,2026-05-25 23:40:35,05_pipeline_experiment
498,c72307ef-f384-4659-aded-5319b398f560,Non-Event,1776412976.33,1776412976.35,1776412976.37,1.0,manual,migrated,2026-05-25 23:40:35,05_pipeline_experiment
500,c72307ef-f384-4659-aded-5319b398f560,Non-Event,1776412991.775,1776412991.8,1776412991.8249998,1.0,manual,migrated,2026-05-25 23:40:35,05_pipeline_experiment
501,c72307ef-f384-4659-aded-5319b398f560,Pothole,1776413000.48,1776413000.49,1776413000.5,1.0,manual,migrated,2026-05-25 23:40:35,05_pipeline_experiment
502,c72307ef-f384-4659-aded-5319b398f560,Non-Event,1776413011.52,1776413011.59,1776413011.6599998,1.0,manual,migrated,2026-05-25 23:40:35,05_pipeline_experiment
503,c72307ef-f384-4659-aded-5319b398f560,Non-Event,1776413025.88,1776413026.04,1776413026.1999998,1.0,manual,migrated,2026-05-25 23:40:35,05_pipeline_experiment
504,c72307ef-f384-4659-aded-5319b398f560,Non-Event,1776413042.3700001,1776413042.38,1776413042.39,1.0,manual,migrated,2026-05-25 23:40:35,05_pipeline_experiment
504,c72307ef-f384-4659-aded-5319b398f560,Pothole,1776413042.3700001,1776413042.38,1776413042.39,1.0,manual,migrated,2026-05-25 23:40:35,05_pipeline_experiment
506,c72307ef-f384-4659-aded-5319b398f560,Non-Event,1776413056.005,1776413056.07,1776413056.1349998,1.0,manual,migrated,2026-05-25 23:40:35,05_pipeline_experiment
507,c72307ef-f384-4659-aded-5319b398f560,Non-Event,1776413087.145,1776413087.23,1776413087.315,1.0,manual,migrated,2026-05-25 23:40:35,05_pipeline_experiment
508,c72307ef-f384-4659-aded-5319b398f560,Pothole,1776413092.81,1776413092.85,1776413092.8899999,1.0,manual,migrated,2026-05-25 23:40:35,05_pipeline_experiment
509,c72307ef-f384-4659-aded-5319b398f560,Pothole,1776413104.2,1776413104.3,1776413104.3999999,1.0,manual,migrated,2026-05-25 23:40:35,05_pipeline_experiment
510,c72307ef-f384-4659-aded-5319b398f560,Pothole,1776413107.68,1776413107.79,1776413107.8999999,1.0,manual,migrated,2026-05-25 23:40:35,05_pipeline_experiment
511,c72307ef-f384-4659-aded-5319b398f560,Non-Event,1776413119.165,1776413119.25,1776413119.335,1.0,manual,migrated,2026-05-25 23:40:35,05_pipeline_experiment
512,c72307ef-f384-4659-aded-5319b398f560,Pothole,1776413121.8200002,1776413121.94,1776413122.06,1.0,manual,migrated,2026-05-25 23:40:35,05_pipeline_experiment
514,c72307ef-f384-4659-aded-5319b398f560,Non-Event,1776413148.95,1776413149.0,1776413149.05,1.0,manual,migrated,2026-05-25 23:40:35,05_pipeline_experiment
515,c72307ef-f384-4659-aded-5319b398f560,Pothole,1776413159.6950002,1776413159.75,1776413159.8049998,1.0,manual,migrated,2026-05-25 23:40:35,05_pipeline_experiment
517,c72307ef-f384-4659-aded-5319b398f560,Non-Event,1776413196.9650002,1776413197.0,1776413197.0349998,1.0,manual,migrated,2026-05-25 23:40:35,05_pipeline_experiment
518,c72307ef-f384-4659-aded-5319b398f560,Non-Event,1776413202.13,1776413202.17,1776413202.21,1.0,manual,migrated,2026-05-25 23:40:35,05_pipeline_experiment
519,c72307ef-f384-4659-aded-5319b398f560,Non-Event,1776413265.75,1776413265.85,1776413265.9499998,1.0,manual,migrated,2026-05-25 23:40:35,05_pipeline_experiment
520,c72307ef-f384-4659-aded-5319b398f560,Non-Event,1776413311.19,1776413311.24,1776413311.29,1.0,manual,migrated,2026-05-25 23:40:35,05_pipeline_experiment
521,c72307ef-f384-4659-aded-5319b398f560,Non-Event,1776413312.455,1776413312.54,1776413312.625,1.0,manual,migrated,2026-05-25 23:40:35,05_pipeline_experiment
522,c72307ef-f384-4659-aded-5319b398f560,Non-Event,1776413317.305,1776413317.37,1776413317.4349997,1.0,manual,migrated,2026-05-25 23:40:35,05_pipeline_experiment
523,c72307ef-f384-4659-aded-5319b398f560,Non-Event,1776413340.1000001,1776413340.19,1776413340.28,1.0,manual,migrated,2026-05-25 23:40:35,05_pipeline_experiment
524,c72307ef-f384-4659-aded-5319b398f560,Non-Event,1776413348.1,1776413348.12,1776413348.1399999,1.0,manual,migrated,2026-05-25 23:40:35,05_pipeline_experiment
527,c72307ef-f384-4659-aded-5319b398f560,Non-Event,1776413377.68,1776413377.71,1776413377.74,1.0,manual,migrated,2026-05-25 23:40:35,05_pipeline_experiment
529,c72307ef-f384-4659-aded-5319b398f560,Pothole,1776413391.3200002,1776413391.56,1776413391.7999997,1.0,manual,migrated,2026-05-25 23:40:35,05_pipeline_experiment
530,c72307ef-f384-4659-aded-5319b398f560,Pothole,1776413425.48,1776413425.59,1776413425.6999998,1.0,manual,migrated,2026-05-25 23:40:35,05_pipeline_experiment
531,c72307ef-f384-4659-aded-5319b398f560,Non-Event,1776413436.5900002,1776413436.71,1776413436.83,1.0,manual,migrated,2026-05-25 23:40:35,05_pipeline_experiment
532,c72307ef-f384-4659-aded-5319b398f560,Pothole,1776413455.95,1776413456.04,1776413456.1299999,1.0,manual,migrated,2026-05-25 23:40:35,05_pipeline_experiment
533,c72307ef-f384-4659-aded-5319b398f560,Non-Event,1776413471.205,1776413471.33,1776413471.455,1.0,manual,migrated,2026-05-25 23:40:35,05_pipeline_experiment
534,c72307ef-f384-4659-aded-5319b398f560,Non-Event,1776413504.1550002,1776413504.21,1776413504.2649999,1.0,manual,migrated,2026-05-25 23:40:35,05_pipeline_experiment
535,c72307ef-f384-4659-aded-5319b398f560,Non-Event,1776413506.9,1776413507.01,1776413507.12,1.0,manual,migrated,2026-05-25 23:40:35,05_pipeline_experiment
536,c72307ef-f384-4659-aded-5319b398f560,Non-Event,1776413518.33,1776413518.35,1776413518.37,1.0,manual,migrated,2026-05-25 23:40:35,05_pipeline_experiment
57,cc249e1a-62c0-4274-812f-0019a041760e,Non-Event,1775973319.4450002,1775973319.6,1775973319.7549996,1.0,manual,migrated,2026-05-25 23:40:35,05_pipeline_experiment
58,cc249e1a-62c0-4274-812f-0019a041760e,Non-Event,1775973326.21,1775973326.31,1775973326.4099998,1.0,manual,migrated,2026-05-25 23:40:35,05_pipeline_experiment
59,cc249e1a-62c0-4274-812f-0019a041760e,Non-Event,1775973343.5700002,1775973343.68,1775973343.79,1.0,manual,migrated,2026-05-25 23:40:35,05_pipeline_experiment
60,cc249e1a-62c0-4274-812f-0019a041760e,Pothole,1775973390.76,1775973390.82,1775973390.8799999,1.0,manual,migrated,2026-05-25 23:40:35,05_pipeline_experiment
61,cc249e1a-62c0-4274-812f-0019a041760e,Pothole,1775973393.525,1775973393.54,1775973393.5549998,1.0,manual,migrated,2026-05-25 23:40:35,05_pipeline_experiment
62,cc249e1a-62c0-4274-812f-0019a041760e,Non-Event,1775973401.3400002,1775973401.44,1775973401.54,1.0,manual,migrated,2026-05-25 23:40:35,05_pipeline_experiment
63,cc249e1a-62c0-4274-812f-0019a041760e,Pothole,1775973405.66,1775973405.83,1775973405.9999998,1.0,manual,migrated,2026-05-25 23:40:35,05_pipeline_experiment
64,cc249e1a-62c0-4274-812f-0019a041760e,Pothole,1775973429.17,1775973429.31,1775973429.4499998,1.0,manual,migrated,2026-05-25 23:40:35,05_pipeline_experiment
65,cc249e1a-62c0-4274-812f-0019a041760e,Non-Event,1775973436.2850003,1775973436.39,1775973436.495,1.0,manual,migrated,2026-05-25 23:40:35,05_pipeline_experiment
66,cc249e1a-62c0-4274-812f-0019a041760e,Pothole,1775973440.63,1775973440.68,1775973440.73,1.0,manual,migrated,2026-05-25 23:40:35,05_pipeline_experiment
67,cc249e1a-62c0-4274-812f-0019a041760e,Non-Event,1775973457.5750003,1775973457.68,1775973457.7849998,1.0,manual,migrated,2026-05-25 23:40:35,05_pipeline_experiment
69,cc249e1a-62c0-4274-812f-0019a041760e,Non-Event,1775973468.325,1775973468.36,1775973468.3949997,1.0,manual,migrated,2026-05-25 23:40:35,05_pipeline_experiment
70,cc249e1a-62c0-4274-812f-0019a041760e,Non-Event,1775973470.4550002,1775973470.49,1775973470.5249999,1.0,manual,migrated,2026-05-25 23:40:35,05_pipeline_experiment
71,cc249e1a-62c0-4274-812f-0019a041760e,Non-Event,1775973482.075,1775973482.12,1775973482.1649997,1.0,manual,migrated,2026-05-25 23:40:35,05_pipeline_experiment
72,cc249e1a-62c0-4274-812f-0019a041760e,Pothole,1775973483.875,1775973484.0,1775973484.125,1.0,manual,migrated,2026-05-25 23:40:35,05_pipeline_experiment
73,cc249e1a-62c0-4274-812f-0019a041760e,Pothole,1775973486.7150002,1775973486.92,1775973487.125,1.0,manual,migrated,2026-05-25 23:40:35,05_pipeline_experiment
74,cc249e1a-62c0-4274-812f-0019a041760e,Non-Event,1775973492.5,1775973492.56,1775973492.62,1.0,manual,migrated,2026-05-25 23:40:35,05_pipeline_experiment
75,cc249e1a-62c0-4274-812f-0019a041760e,Non-Event,1775973502.01,1775973502.07,1775973502.1299999,1.0,manual,migrated,2026-05-25 23:40:35,05_pipeline_experiment
77,cc249e1a-62c0-4274-812f-0019a041760e,Non-Event,1775973532.3650002,1775973532.45,1775973532.5349998,1.0,manual,migrated,2026-05-25 23:40:35,05_pipeline_experiment
79,cc249e1a-62c0-4274-812f-0019a041760e,Non-Event,1775973536.3000002,1775973536.41,1775973536.52,1.0,manual,migrated,2026-05-25 23:40:35,05_pipeline_experiment
80,cc249e1a-62c0-4274-812f-0019a041760e,Non-Event,1775973567.38,1775973567.41,1775973567.44,1.0,manual,migrated,2026-05-25 23:40:35,05_pipeline_experiment
81,cc249e1a-62c0-4274-812f-0019a041760e,Non-Event,1775973581.41,1775973581.42,1775973581.43,1.0,manual,migrated,2026-05-25 23:40:35,05_pipeline_experiment
82,cc249e1a-62c0-4274-812f-0019a041760e,Pothole,1775973585.9150004,1775973586.13,1775973586.3449998,1.0,manual,migrated,2026-05-25 23:40:35,05_pipeline_experiment
83,cc249e1a-62c0-4274-812f-0019a041760e,Pothole,1775973592.565,1775973592.6,1775973592.6349998,1.0,manual,migrated,2026-05-25 23:40:35,05_pipeline_experiment
84,cc249e1a-62c0-4274-812f-0019a041760e,Non-Event,1775973594.93,1775973594.99,1775973595.05,1.0,manual,migrated,2026-05-25 23:40:35,05_pipeline_experiment
85,cc249e1a-62c0-4274-812f-0019a041760e,Non-Event,1775973604.5650003,1775973604.64,1775973604.715,1.0,manual,migrated,2026-05-25 23:40:35,05_pipeline_experiment
86,cc249e1a-62c0-4274-812f-0019a041760e,Non-Event,1775973610.4750001,1775973610.54,1775973610.6049998,1.0,manual,migrated,2026-05-25 23:40:35,05_pipeline_experiment
87,cc249e1a-62c0-4274-812f-0019a041760e,Pothole,1775973612.4650002,1775973612.61,1775973612.7549996,1.0,manual,migrated,2026-05-25 23:40:35,05_pipeline_experiment
88,cc249e1a-62c0-4274-812f-0019a041760e,Pothole,1775973615.4,1775973615.51,1775973615.62,1.0,manual,migrated,2026-05-25 23:40:35,05_pipeline_experiment
89,cc249e1a-62c0-4274-812f-0019a041760e,Non-Event,1775973619.53,1775973619.61,1775973619.6899998,1.0,manual,migrated,2026-05-25 23:40:35,05_pipeline_experiment
90,cc249e1a-62c0-4274-812f-0019a041760e,Pothole,1775973639.6100001,1775973639.66,1775973639.71,1.0,manual,migrated,2026-05-25 23:40:35,05_pipeline_experiment
91,cc249e1a-62c0-4274-812f-0019a041760e,Non-Event,1775973651.9,1775973651.99,1775973652.08,1.0,manual,migrated,2026-05-25 23:40:35,05_pipeline_experiment
92,cc249e1a-62c0-4274-812f-0019a041760e,Pothole,1775973654.0800002,1775973654.23,1775973654.3799999,1.0,manual,migrated,2026-05-25 23:40:35,05_pipeline_experiment
93,cc249e1a-62c0-4274-812f-0019a041760e,Non-Event,1775973669.0,1775973669.03,1775973669.06,1.0,manual,migrated,2026-05-25 23:40:35,05_pipeline_experiment
94,cc249e1a-62c0-4274-812f-0019a041760e,Non-Event,1775973674.105,1775973674.26,1775973674.415,1.0,manual,migrated,2026-05-25 23:40:35,05_pipeline_experiment
95,cc249e1a-62c0-4274-812f-0019a041760e,Non-Event,1775973680.565,1775973680.65,1775973680.7350001,1.0,manual,migrated,2026-05-25 23:40:35,05_pipeline_experiment
96,cc249e1a-62c0-4274-812f-0019a041760e,Non-Event,1775973683.1550002,1775973683.25,1775973683.3449998,1.0,manual,migrated,2026-05-25 23:40:35,05_pipeline_experiment
97,cc249e1a-62c0-4274-812f-0019a041760e,Non-Event,1775973692.9350002,1775973693.08,1775973693.2249997,1.0,manual,migrated,2026-05-25 23:40:35,05_pipeline_experiment
99,cc249e1a-62c0-4274-812f-0019a041760e,Pothole,1775973714.3000002,1775973714.47,1775973714.6399999,1.0,manual,migrated,2026-05-25 23:40:35,05_pipeline_experiment
100,cc249e1a-62c0-4274-812f-0019a041760e,Pothole,1775973717.1150002,1775973717.19,1775973717.2649999,1.0,manual,migrated,2026-05-25 23:40:35,05_pipeline_experiment
102,cc249e1a-62c0-4274-812f-0019a041760e,Non-Event,1775973730.41,1775973730.53,1775973730.6499999,1.0,manual,migrated,2026-05-25 23:40:35,05_pipeline_experiment
103,cc249e1a-62c0-4274-812f-0019a041760e,Pothole,1775973732.44,1775973732.53,1775973732.62,1.0,manual,migrated,2026-05-25 23:40:35,05_pipeline_experiment
104,cc249e1a-62c0-4274-812f-0019a041760e,Non-Event,1775973745.835,1775973745.96,1775973746.085,1.0,manual,migrated,2026-05-25 23:40:35,05_pipeline_experiment
105,cc249e1a-62c0-4274-812f-0019a041760e,Pothole,1775973750.1000001,1775973750.21,1775973750.32,1.0,manual,migrated,2026-05-25 23:40:35,05_pipeline_experiment
106,cc249e1a-62c0-4274-812f-0019a041760e,Non-Event,1775973757.8350003,1775973757.95,1775973758.0649998,1.0,manual,migrated,2026-05-25 23:40:35,05_pipeline_experiment
108,cc249e1a-62c0-4274-812f-0019a041760e,Non-Event,1775973785.005,1775973785.03,1775973785.0549998,1.0,manual,migrated,2026-05-25 23:40:35,05_pipeline_experiment
109,cc249e1a-62c0-4274-812f-0019a041760e,Non-Event,1775973829.67,1775973829.7,1775973829.73,1.0,manual,migrated,2026-05-25 23:40:35,05_pipeline_experiment
111,cc249e1a-62c0-4274-812f-0019a041760e,Non-Event,1775973842.66,1775973842.75,1775973842.84,1.0,manual,migrated,2026-05-25 23:40:35,05_pipeline_experiment
113,cc249e1a-62c0-4274-812f-0019a041760e,Pothole,1775973870.0150003,1775973870.13,1775973870.245,1.0,manual,migrated,2026-05-25 23:40:35,05_pipeline_experiment
115,cc249e1a-62c0-4274-812f-0019a041760e,Pothole,1775973878.8650002,1775973878.98,1775973879.0949998,1.0,manual,migrated,2026-05-25 23:40:35,05_pipeline_experiment
119,cc249e1a-62c0-4274-812f-0019a041760e,Pothole,1775973921.375,1775973921.5,1775973921.625,1.0,manual,migrated,2026-05-25 23:40:35,05_pipeline_experiment
120,cc249e1a-62c0-4274-812f-0019a041760e,Pothole,1775973928.13,1775973928.23,1775973928.33,1.0,manual,migrated,2026-05-25 23:40:35,05_pipeline_experiment
123,cc249e1a-62c0-4274-812f-0019a041760e,Pothole,1775973938.4650002,1775973938.5,1775973938.5349998,1.0,manual,migrated,2026-05-25 23:40:35,05_pipeline_experiment
124,cc249e1a-62c0-4274-812f-0019a041760e,Non-Event,1775973944.56,1775973944.61,1775973944.6599998,1.0,manual,migrated,2026-05-25 23:40:35,05_pipeline_experiment
126,cc249e1a-62c0-4274-812f-0019a041760e,Non-Event,1775973970.42,1775973970.52,1775973970.62,1.0,manual,migrated,2026-05-25 23:40:35,05_pipeline_experiment
127,cc249e1a-62c0-4274-812f-0019a041760e,Non-Event,1775973976.5800002,1775973976.64,1775973976.7,1.0,manual,migrated,2026-05-25 23:40:35,05_pipeline_experiment
128,cc249e1a-62c0-4274-812f-0019a041760e,Pothole,1775973978.9750001,1775973979.05,1775973979.1249998,1.0,manual,migrated,2026-05-25 23:40:35,05_pipeline_experiment
129,cc249e1a-62c0-4274-812f-0019a041760e,Non-Event,1775974000.535,1775974000.56,1775974000.5849998,1.0,manual,migrated,2026-05-25 23:40:35,05_pipeline_experiment
130,cc249e1a-62c0-4274-812f-0019a041760e,Non-Event,1775974010.93,1775974011.06,1775974011.1899998,1.0,manual,migrated,2026-05-25 23:40:35,05_pipeline_experiment
131,cc249e1a-62c0-4274-812f-0019a041760e,Non-Event,1775974025.5950003,1775974025.68,1775974025.7649999,1.0,manual,migrated,2026-05-25 23:40:35,05_pipeline_experiment
132,cc249e1a-62c0-4274-812f-0019a041760e,Non-Event,1775974031.49,1775974031.5,1775974031.51,1.0,manual,migrated,2026-05-25 23:40:35,05_pipeline_experiment
133,cc249e1a-62c0-4274-812f-0019a041760e,Non-Event,1775974034.2150004,1775974034.4,1775974034.5849998,1.0,manual,migrated,2026-05-25 23:40:35,05_pipeline_experiment
134,cc249e1a-62c0-4274-812f-0019a041760e,Non-Event,1775974042.3050003,1775974042.42,1775974042.5349998,1.0,manual,migrated,2026-05-25 23:40:35,05_pipeline_experiment
135,cc249e1a-62c0-4274-812f-0019a041760e,Non-Event,1775974062.255,1775974062.38,1775974062.505,1.0,manual,migrated,2026-05-25 23:40:35,05_pipeline_experiment
136,cc249e1a-62c0-4274-812f-0019a041760e,Non-Event,1775974063.8750002,1775974063.92,1775974063.965,1.0,manual,migrated,2026-05-25 23:40:35,05_pipeline_experiment
137,cc249e1a-62c0-4274-812f-0019a041760e,Non-Event,1775974075.055,1775974075.08,1775974075.1049998,1.0,manual,migrated,2026-05-25 23:40:35,05_pipeline_experiment
139,cc249e1a-62c0-4274-812f-0019a041760e,Non-Event,1775974079.2150002,1775974079.27,1775974079.3249998,1.0,manual,migrated,2026-05-25 23:40:35,05_pipeline_experiment
140,cc249e1a-62c0-4274-812f-0019a041760e,Non-Event,1775974083.38,1775974083.45,1775974083.52,1.0,manual,migrated,2026-05-25 23:40:35,05_pipeline_experiment
141,cc249e1a-62c0-4274-812f-0019a041760e,Non-Event,1775974085.8100002,1775974085.91,1775974086.01,1.0,manual,migrated,2026-05-25 23:40:35,05_pipeline_experiment
142,cc249e1a-62c0-4274-812f-0019a041760e,Non-Event,1775974086.75,1775974086.85,1775974086.9499998,1.0,manual,migrated,2026-05-25 23:40:35,05_pipeline_experiment
143,cc249e1a-62c0-4274-812f-0019a041760e,Non-Event,1775974108.0800002,1775974108.13,1775974108.18,1.0,manual,migrated,2026-05-25 23:40:35,05_pipeline_experiment
144,cc249e1a-62c0-4274-812f-0019a041760e,Non-Event,1775974109.49,1775974109.59,1775974109.6899998,1.0,manual,migrated,2026-05-25 23:40:35,05_pipeline_experiment
145,cc249e1a-62c0-4274-812f-0019a041760e,Non-Event,1775974133.34,1775974133.35,1775974133.36,1.0,manual,migrated,2026-05-25 23:40:35,05_pipeline_experiment
146,cc249e1a-62c0-4274-812f-0019a041760e,Non-Event,1775974145.01,1775974145.05,1775974145.09,1.0,manual,migrated,2026-05-25 23:40:35,05_pipeline_experiment
147,cc249e1a-62c0-4274-812f-0019a041760e,Non-Event,1775974166.4650002,1775974166.58,1775974166.6949997,1.0,manual,migrated,2026-05-25 23:40:35,05_pipeline_experiment
148,cc249e1a-62c0-4274-812f-0019a041760e,Non-Event,1775974186.6850002,1775974186.8,1775974186.9149997,1.0,manual,migrated,2026-05-25 23:40:35,05_pipeline_experiment
149,d4030b3c-2d8e-49cc-9722-89da2a36bbc9,Non-Event,1776325438.7250001,1776325438.73,1776325438.735,1.0,manual,migrated,2026-05-25 23:40:35,05_pipeline_experiment
150,d4030b3c-2d8e-49cc-9722-89da2a36bbc9,Non-Event,1776325440.875,1776325441.07,1776325441.2649999,1.0,manual,migrated,2026-05-25 23:40:35,05_pipeline_experiment
151,d4030b3c-2d8e-49cc-9722-89da2a36bbc9,Non-Event,1776325441.8400002,1776325442.08,1776325442.3199997,1.0,manual,migrated,2026-05-25 23:40:35,05_pipeline_experiment
152,d4030b3c-2d8e-49cc-9722-89da2a36bbc9,Non-Event,1776325466.5700002,1776325466.68,1776325466.79,1.0,manual,migrated,2026-05-25 23:40:35,05_pipeline_experiment
153,d4030b3c-2d8e-49cc-9722-89da2a36bbc9,Non-Event,1776325473.01,1776325473.06,1776325473.11,1.0,manual,migrated,2026-05-25 23:40:35,05_pipeline_experiment
154,d4030b3c-2d8e-49cc-9722-89da2a36bbc9,Non-Event,1776325492.0250003,1776325492.16,1776325492.2949998,1.0,manual,migrated,2026-05-25 23:40:35,05_pipeline_experiment
155,d4030b3c-2d8e-49cc-9722-89da2a36bbc9,Non-Event,1776325499.4850001,1776325499.49,1776325499.495,1.0,manual,migrated,2026-05-25 23:40:35,05_pipeline_experiment
156,d4030b3c-2d8e-49cc-9722-89da2a36bbc9,Non-Event,1776325502.255,1776325502.32,1776325502.3849998,1.0,manual,migrated,2026-05-25 23:40:35,05_pipeline_experiment
157,d4030b3c-2d8e-49cc-9722-89da2a36bbc9,Non-Event,1776325520.1950002,1776325520.21,1776325520.225,1.0,manual,migrated,2026-05-25 23:40:35,05_pipeline_experiment
158,d4030b3c-2d8e-49cc-9722-89da2a36bbc9,Non-Event,1776325579.2800002,1776325579.39,1776325579.5,1.0,manual,migrated,2026-05-25 23:40:35,05_pipeline_experiment
159,d4030b3c-2d8e-49cc-9722-89da2a36bbc9,Non-Event,1776325633.8750002,1776325633.88,1776325633.885,1.0,manual,migrated,2026-05-25 23:40:35,05_pipeline_experiment
160,d4030b3c-2d8e-49cc-9722-89da2a36bbc9,Non-Event,1776325636.16,1776325636.26,1776325636.36,1.0,manual,migrated,2026-05-25 23:40:35,05_pipeline_experiment
161,d4030b3c-2d8e-49cc-9722-89da2a36bbc9,Non-Event,1776325695.7150002,1776325695.73,1776325695.745,1.0,manual,migrated,2026-05-25 23:40:35,05_pipeline_experiment
162,d4030b3c-2d8e-49cc-9722-89da2a36bbc9,Non-Event,1776325705.66,1776325705.74,1776325705.82,1.0,manual,migrated,2026-05-25 23:40:35,05_pipeline_experiment
163,d4030b3c-2d8e-49cc-9722-89da2a36bbc9,Pothole,1776325707.4,1776325707.56,1776325707.7199998,1.0,manual,migrated,2026-05-25 23:40:35,05_pipeline_experiment
164,d4030b3c-2d8e-49cc-9722-89da2a36bbc9,Non-Event,1776325719.8400002,1776325719.89,1776325719.94,1.0,manual,migrated,2026-05-25 23:40:35,05_pipeline_experiment
165,d4030b3c-2d8e-49cc-9722-89da2a36bbc9,Non-Event,1776325726.625,1776325726.79,1776325726.955,1.0,manual,migrated,2026-05-25 23:40:35,05_pipeline_experiment
166,d4030b3c-2d8e-49cc-9722-89da2a36bbc9,Pothole,1776325729.9100003,1776325730.13,1776325730.35,1.0,manual,migrated,2026-05-25 23:40:35,05_pipeline_experiment
168,d4030b3c-2d8e-49cc-9722-89da2a36bbc9,Pothole,1776325759.7750003,1776325759.89,1776325760.0049999,1.0,manual,migrated,2026-05-25 23:40:35,05_pipeline_experiment
170,d4030b3c-2d8e-49cc-9722-89da2a36bbc9,Non-Event,1776325807.69,1776325807.79,1776325807.8899999,1.0,manual,migrated,2026-05-25 23:40:35,05_pipeline_experiment
171,d4030b3c-2d8e-49cc-9722-89da2a36bbc9,Non-Event,1776325848.45,1776325848.46,1776325848.47,1.0,manual,migrated,2026-05-25 23:40:35,05_pipeline_experiment
172,d4030b3c-2d8e-49cc-9722-89da2a36bbc9,Non-Event,1776325866.1000001,1776325866.14,1776325866.18,1.0,manual,migrated,2026-05-25 23:40:35,05_pipeline_experiment
174,d4030b3c-2d8e-49cc-9722-89da2a36bbc9,Non-Event,1776325893.4,1776325893.55,1776325893.6999998,1.0,manual,migrated,2026-05-25 23:40:35,05_pipeline_experiment
175,d4030b3c-2d8e-49cc-9722-89da2a36bbc9,Non-Event,1776325958.77,1776325958.82,1776325958.87,1.0,manual,migrated,2026-05-25 23:40:35,05_pipeline_experiment
175,d4030b3c-2d8e-49cc-9722-89da2a36bbc9,Non-Event,1776325958.77,1776325958.82,1776325958.87,1.0,manual,migrated,2026-05-25 23:40:35,05_pipeline_experiment
178,d4030b3c-2d8e-49cc-9722-89da2a36bbc9,Non-Event,1776325991.265,1776325991.36,1776325991.4549997,1.0,manual,migrated,2026-05-25 23:40:35,05_pipeline_experiment
179,d4030b3c-2d8e-49cc-9722-89da2a36bbc9,Non-Event,1776326010.6200001,1776326010.66,1776326010.7,1.0,manual,migrated,2026-05-25 23:40:35,05_pipeline_experiment
180,d4030b3c-2d8e-49cc-9722-89da2a36bbc9,Non-Event,1776326018.535,1776326018.55,1776326018.5649998,1.0,manual,migrated,2026-05-25 23:40:35,05_pipeline_experiment
181,d4030b3c-2d8e-49cc-9722-89da2a36bbc9,Non-Event,1776326020.67,1776326020.7,1776326020.73,1.0,manual,migrated,2026-05-25 23:40:35,05_pipeline_experiment
