event_id,time_s,lat,lon,peak_vertical,peak_vertical_g,peak_gyro_mag,speed_mean,event_duration,vert_jrk,num_peaks_accel,num_peaks_gyro,peak_interval_mean,peak_interval_std,asymmetry_score,vertical_energy,gyro_energy,accel_to_gyro_ratio,local_duration,score,priority,level,trip_id,label,notes,maps_link,peak_mag,peak_mag_g,suggested_label,suggested_raw_label,suggested_kind,suggestion_confidence,suggestion_rule,suggestion_reason,needs_review
127,1775974033.545522,-6.8387717,109.4476917,-98.59257333413255,-10.053644550803032,8.117005082050353,6.8344817,9.3510000705719,8.53237975397797,1,5,0.0,0.0,0.616896619233215,82238.510367207,2562.3707058199716,32.09469658247422,0.1,0.9207548187897797,high,high_conf,cc249e1a-62c0-4274-812f-0019a041760e,,,"https://www.google.com/maps?q=-6.8387717,109.4476917",99.39769,10.13574360255541,Pothole,Pothole,event,0.7192222222222222,ML_Ensemble(RF),Dipelajari dari data (Confidence: 72%),True
130,1775974056.7328184,-6.839335,109.4466483,-78.7916217191549,-8.034509411384612,5.143642926300507,6.366599,4.789999961853027,11.077031972706564,3,5,0.6274999380111694,0.3525000810623169,0.5210428574745805,90774.04607604782,2602.2993854297474,34.88224550542059,1.2549998760223389,0.9118075714370826,high,high_conf,cc249e1a-62c0-4274-812f-0019a041760e,,,"https://www.google.com/maps?q=-6.839335,109.4466483",97.0251,9.89380675358048,Non-Event,Rough Road,condition_like,0.72,R7,struktur kontinu panjang + noisy/dense → Non-Event,True
224,1776330134.249625,-6.8930405,109.531108,-64.09507358228524,-6.535878570386956,6.023662852062066,7.9686937,2.009000062942505,13.219783860221836,0,4,0.0,0.0,0.1607216070041138,178424.68755134515,3889.6846308526096,45.87124778451862,0.0,0.8793180097793053,high,candidate,44eda033-50cf-4664-89ef-2aa88372c53f,,,"https://www.google.com/maps?q=-6.8930405,109.531108",98.89801,10.084790422825328,Non-Event,Non-Event,condition_like,0.5907142857142857,ML_Ensemble(RF)_LOW_CONF,"ML ragu-ragu (Conf: 59%), pakai tebakan terbaik ML",True
346,1776413887.335,-6.8264256,109.4709843,-97.59343004838486,-9.951760290046536,5.738766542897937,9.927378,0.4269998073577881,18.952579563517986,3,4,0.21349990367889404,0.0205000638961792,0.5933795418385074,128720.5304978014,3434.7104147445025,37.47638517289678,0.4269998073577881,0.873317203648432,high,high_conf,40a7a6c4-b8d9-447a-ba96-8503647f43bb,,,"https://www.google.com/maps?q=-6.8264256,109.4709843",105.968094,10.805738351016911,Pothole,Pothole,event,0.675,ML_Ensemble(RF),Dipelajari dari data (Confidence: 68%),True
330,1776413742.17175,-6.8311626,109.4626186,-68.74926096275493,-7.010473603397178,6.055713750039919,5.300893,2.2249999046325684,12.226362279922544,1,3,0.0,0.0,0.22054010816249445,87809.697316187,2854.1347801746238,30.765785097243647,0.1,0.8692579375370278,high,candidate,40a7a6c4-b8d9-447a-ba96-8503647f43bb,,,"https://www.google.com/maps?q=-6.8311626,109.4626186",108.05836,11.018886163980564,Non-Event,Non-Event,condition_like,0.722111111111111,ML_Ensemble(RF),Dipelajari dari data (Confidence: 72%),True
128,1775974044.8795416,-6.83905,109.4471567,67.60353024821312,6.893641584864671,5.851941489048425,6.624475,9.830000162124634,10.89185481100434,3,6,0.5590000152587891,0.14300012588500977,0.778144964903508,71437.3054329218,1704.6226998795723,41.90798667415416,1.1180000305175781,0.8593441128521846,high,candidate,cc249e1a-62c0-4274-812f-0019a041760e,,,"https://www.google.com/maps?q=-6.83905,109.4471567",88.81489,9.056598328685128,Non-Event,Maneuver,condition_like,0.88,R5,gyro dominan + asimetri tinggi → maneuver (Non-Event),False
63,1775973500.1806998,-6.8722733,109.4524,-70.42622851873823,-7.1814767039445915,6.220604102798216,6.5369720000000004,7.0,7.881276524712991,1,5,0.0,0.0,0.600599513893658,42592.491232761386,1014.2425475558375,41.994384177047294,0.1,0.8532282845232514,high,candidate,cc249e1a-62c0-4274-812f-0019a041760e,,,"https://www.google.com/maps?q=-6.8722733,109.4524",117.55734,11.987512555255872,Pothole,Pothole,event,0.8605555555555554,ML_Ensemble(RF),Dipelajari dari data (Confidence: 86%),False
144,1776325730.048,-6.8942167,109.4198767,-95.44013991713075,-9.732185804238018,5.256872418497175,16.044407,0.24399995803833008,17.934031979717616,2,2,0.16300010681152344,0.0,0.1025672182851056,96490.15420097434,2079.8794971566226,46.392184877293445,0.16300010681152344,0.8435290774694473,high,high_conf,d4030b3c-2d8e-49cc-9722-89da2a36bbc9,,,"https://www.google.com/maps?q=-6.8942167,109.4198767",106.40685,10.850479011691048,Non-Event,Non-Event,condition_like,0.7454920634920635,ML_Ensemble(RF),Dipelajari dari data (Confidence: 75%),True
68,1775973586.0254998,-6.8655217,109.4530138,-90.09826540075844,-9.18746619903417,8.759573019464975,10.531018,0.24699997901916504,12.268135903377383,2,2,0.2109999656677246,0.0,0.11173678483765351,94341.08867921092,3339.9962139211384,28.245866943725996,0.2109999656677246,0.8412063574602113,high,high_conf,cc249e1a-62c0-4274-812f-0019a041760e,,,"https://www.google.com/maps?q=-6.8655217,109.4530138",100.90287,10.28922924750042,Non-Event,Non-Event,condition_like,0.7994920634920635,ML_Ensemble(RF),Dipelajari dari data (Confidence: 80%),True
129,1775974051.4989998,-6.839335,109.4466483,-62.87895895111122,-6.411869389762174,4.9420829492150915,6.366599,2.8570001125335693,17.884516288841734,0,3,0.0,0.0,0.32372007831696537,125587.43379089006,2587.7086202381643,48.532293303872486,0.0,0.833149443090522,high,candidate,cc249e1a-62c0-4274-812f-0019a041760e,,,"https://www.google.com/maps?q=-6.839335,109.4466483",91.63036,9.343696369300424,Non-Event,Non-Event,condition_like,0.5516666666666666,ML_Ensemble(RF)_LOW_CONF,"ML ragu-ragu (Conf: 55%), pakai tebakan terbaik ML",True
300,1776413391.3815,-6.8415711,109.4521877,-75.29685015837651,-7.678141889266622,7.694027818110292,9.448044,0.22900009155273438,13.66717486975899,3,3,0.19200003147125244,0.009999871253967285,0.18381141323834502,85073.4651528042,2402.5435184985636,35.40974990145442,0.3840000629425049,0.8313166878127086,high,candidate,c72307ef-f384-4659-aded-5319b398f560,,,"https://www.google.com/maps?q=-6.8415711,109.4521877",125.341644,12.781290654810768,Speed Bump,Speed Bump,event,0.9,R3,multi-peak terstruktur + durasi lebih panjang + shape relatif simetris,False
79,1775973622.524846,-6.8620682,109.4532436,75.16283122500073,7.664475761345693,4.084111939979271,8.713941000000002,7.647000074386597,6.304814578743029,1,3,0.0,0.0,0.5827711977772265,33306.22254886007,881.9007083601807,37.7664086164799,0.1,0.8256985137476045,high,candidate,cc249e1a-62c0-4274-812f-0019a041760e,,,"https://www.google.com/maps?q=-6.8620682,109.4532436",103.86177,10.590953077758462,Non-Event,Maneuver,condition_like,0.88,R5,gyro dominan + asimetri tinggi → maneuver (Non-Event),False
331,1776413747.9703333,-6.8308549,109.4630619,-65.92947230508167,-6.722935182257109,6.427665786948149,6.4864845,3.867000102996826,8.398110193784357,2,5,0.4699997901916504,0.0,0.06989730557861601,37721.291104210846,1223.8334804177177,30.82224148706375,0.4699997901916504,0.8256676209458412,high,candidate,40a7a6c4-b8d9-447a-ba96-8503647f43bb,,,"https://www.google.com/maps?q=-6.8308549,109.4630619",106.183075,10.827660312135134,Speed Bump,Speed Bump,event,0.9,R3,multi-peak terstruktur + durasi lebih panjang + shape relatif simetris,False
264,1776412806.40375,-6.8729683,109.445525,-62.437864310490056,-6.366890254112267,6.469261382059683,8.971608,3.564000129699707,8.979246511781092,2,4,1.6519999504089355,0.0,0.45874401183939656,61024.912077891226,2152.4897835280203,28.350848638880883,1.6519999504089355,0.8254747829056697,high,candidate,c72307ef-f384-4659-aded-5319b398f560,,,"https://www.google.com/maps?q=-6.8729683,109.445525",102.103485,10.411657905604871,Non-Event,Non-Event,condition_like,0.6374685314685314,ML_Ensemble(RF)_LOW_CONF,"ML ragu-ragu (Conf: 64%), pakai tebakan terbaik ML",True
104,1775973869.9795,-6.8446046,109.4528489,-88.00162944646712,-8.97366883150384,8.072916754223655,8.01516,0.2909998893737793,9.999242188505548,1,4,0.0,0.0,0.4060426429359998,73076.6162624408,1577.028750734527,46.33816357632415,0.1,0.821817413588089,high,high_conf,cc249e1a-62c0-4274-812f-0019a041760e,,,"https://www.google.com/maps?q=-6.8446046,109.4528489",112.55425,11.4773393564571,Non-Event,Non-Event,condition_like,0.6787041847041846,ML_Ensemble(RF),Dipelajari dari data (Confidence: 68%),True
363,1776414016.1343334,-6.8226415,109.4774927,-74.19660098974337,-7.565947697709552,7.458329966828349,4.49699,0.748999834060669,13.95916825559318,3,6,0.36250007152557373,0.18749988079071045,0.5980525928827543,103883.38565778796,3399.7893484229016,30.555830076772754,0.7250001430511475,0.8215953839501506,high,candidate,40a7a6c4-b8d9-447a-ba96-8503647f43bb,,,"https://www.google.com/maps?q=-6.8226415,109.4774927",110.35769,11.25335257197922,Non-Event,Maneuver,condition_like,0.88,R5,gyro dominan + asimetri tinggi → maneuver (Non-Event),False
73,1775973604.42675,-6.8637375,109.4531423,-72.78313972758575,-7.421814761165714,4.443977201214729,9.3108,0.7889997959136963,19.692884199636413,4,2,0.19633332888285318,0.07167667793022285,0.013284234154831133,100354.06363485593,2596.424430777834,38.65087017616034,0.5889999866485596,0.8168345913489515,high,candidate,cc249e1a-62c0-4274-812f-0019a041760e,,,"https://www.google.com/maps?q=-6.8637375,109.4531423",99.17352,10.112884624209082,Speed Bump,Speed Bump,event,0.9,R3,multi-peak terstruktur + durasi lebih panjang + shape relatif simetris,False
131,1775974063.5565503,-6.8396,109.4461267,-62.26826587973903,-6.3495960271590235,6.874746226691299,5.3742146,6.756999969482422,11.119496685258934,2,4,0.934999942779541,0.0,0.45857994071119595,79292.47433816802,2280.6776255706372,34.767068091686816,0.934999942779541,0.812844371253721,high,candidate,cc249e1a-62c0-4274-812f-0019a041760e,,,"https://www.google.com/maps?q=-6.8396,109.4461267",99.37651,10.133583843616321,Non-Event,Non-Event,condition_like,0.6457008547008547,ML_Ensemble(RF)_LOW_CONF,"ML ragu-ragu (Conf: 65%), pakai tebakan terbaik ML",True
261,1776412794.19275,-6.8728333,109.4445817,-67.07017520248166,-6.8392545061240755,5.493645624301248,10.803505,1.2220001220703125,11.444891522538425,4,4,0.4093333880106608,0.22281886848956356,0.09584548770894549,99436.84492130703,2240.297409202663,44.385555448332966,1.2280001640319824,0.8079682606193846,high,candidate,c72307ef-f384-4659-aded-5319b398f560,,,"https://www.google.com/maps?q=-6.8728333,109.4445817",100.80201,10.278944389776326,Speed Bump,Speed Bump,event,0.9,R3,multi-peak terstruktur + durasi lebih panjang + shape relatif simetris,False
80,1775973628.9912,-6.8613509,109.4533128,-61.087696564287086,-6.229211460007963,5.380619446890155,7.970974,2.5959999561309814,9.215502263287505,3,4,0.2944999933242798,0.10650002956390381,0.15177811620694368,59121.72955826629,1197.3864101489896,49.37564766710037,0.5889999866485596,0.7971909813964376,high,candidate,cc249e1a-62c0-4274-812f-0019a041760e,,,"https://www.google.com/maps?q=-6.8613509,109.4533128",72.24754,7.36719878857714,Speed Bump,Speed Bump,event,0.9,R3,multi-peak terstruktur + durasi lebih panjang + shape relatif simetris,False
403,1776417641.1145,-6.9686984,109.4842102,-93.80020871497027,-9.564959360736875,4.592431864681692,9.043384,0.2109999656677246,12.681348208269805,2,4,0.2109999656677246,0.0,0.345737100531592,83077.71415611506,1826.150221560677,45.49336255569449,0.2109999656677246,0.7957195416638339,high,high_conf,2403297f-866d-495e-a41b-b29966866b69,,,"https://www.google.com/maps?q=-6.9686984,109.4842102",92.61151,9.443745825536753,Non-Event,Non-Event,condition_like,0.6991587301587302,ML_Ensemble(RF),Dipelajari dari data (Confidence: 70%),True
375,1776414082.7677498,-6.8217121,109.4783806,-73.52673471705253,-7.497640347830558,6.929326292599231,1.918774,7.015000104904175,7.887162556124164,2,4,0.315000057220459,0.0,0.2909894897544638,74234.06040774546,2947.358847222342,25.186638014071036,0.315000057220459,0.7887064499093808,high,candidate,40a7a6c4-b8d9-447a-ba96-8503647f43bb,,,"https://www.google.com/maps?q=-6.8217121,109.4783806",104.12138,10.61742593036358,Non-Event,Non-Event,condition_like,0.6739572649572649,ML_Ensemble(RF),Dipelajari dari data (Confidence: 67%),True
359,1776413997.8495,-6.8231183,109.4766921,56.30987952954865,5.742009710711472,8.91015102932184,4.903831,3.2260000705718994,12.862551667372628,1,6,0.0,0.0,0.2793924167540259,87911.95240506338,3183.737471531024,27.612814550056065,0.1,0.7818640839235294,high,high_conf,40a7a6c4-b8d9-447a-ba96-8503647f43bb,,,"https://www.google.com/maps?q=-6.8231183,109.4766921",109.36289,11.151911203112174,Non-Event,Crack,condition_like,0.76,R4,spike kecil/rapat + durasi sangat singkat → Non-Event,True
185,1776327906.8505,-6.8982702,109.522018,-91.28053621229313,-9.30802427049942,4.67357506445815,7.9533443,0.30099987983703613,10.15452428616418,2,4,0.29600000381469727,0.0,0.0525518296220519,54107.613078593284,1385.3591374527782,39.05674101159265,0.29600000381469727,0.7793228730813578,high,high_conf,7b68bd61-6146-4cdb-8ad6-424ae6e78950,,,"https://www.google.com/maps?q=-6.8982702,109.522018",82.64857,8.427808680844123,Non-Event,Non-Event,condition_like,0.7063708513708513,ML_Ensemble(RF),Dipelajari dari data (Confidence: 71%),True
123,1775974010.7183335,-6.8382233,109.448705,-66.95081638208771,-6.827083293692312,4.927038814256236,6.9307346,1.3970000743865967,10.400996050064665,3,3,0.6759999990463257,0.3700000047683716,0.1792753551814565,57246.074345859444,2318.2895532582397,24.693237408894728,1.3519999980926514,0.7775496062799778,high,candidate,cc249e1a-62c0-4274-812f-0019a041760e,,,"https://www.google.com/maps?q=-6.8382233,109.448705",85.50859,8.719449557188234,Speed Bump,Speed Bump,event,0.9,R3,multi-peak terstruktur + durasi lebih panjang + shape relatif simetris,False
188,1776327953.559,-6.8955923,109.5218136,-93.70004247899995,-9.554745247255683,4.732565288057318,5.849049,1.3680000305175781,4.31426201749745,4,5,0.5539999802907308,0.32349756424472265,0.2596669543709208,43739.83048889818,1397.614227916301,31.29606838849494,1.6619999408721924,0.7766079112323702,high,high_conf,7b68bd61-6146-4cdb-8ad6-424ae6e78950,,,"https://www.google.com/maps?q=-6.8955923,109.5218136",98.109344,10.004368872142882,Speed Bump,Speed Bump,event,0.9,R3,multi-peak terstruktur + durasi lebih panjang + shape relatif simetris,False
126,1775974026.4736,-6.83849,109.4482283,-60.16387485965949,-6.1350078629969955,5.746509447536392,6.746464300000001,5.124000072479248,7.259318520214981,1,4,0.0,0.0,0.1621176341901117,71336.73413856613,1939.9759226449387,36.771968800795506,0.1,0.7679248542798193,high,candidate,cc249e1a-62c0-4274-812f-0019a041760e,,,"https://www.google.com/maps?q=-6.83849,109.4482283",89.26949,9.102954627727105,Non-Event,Non-Event,condition_like,0.7393565323565323,ML_Ensemble(RF),Dipelajari dari data (Confidence: 74%),True
112,1775973936.02325,-6.8398917,109.451725,65.12895919346829,6.641305562395751,4.224452723134679,8.4213705,5.4049999713897705,7.1250248945994805,1,3,0.0,0.0,0.6762586435957784,34347.63820586129,818.3927772495695,41.969625244404284,0.1,0.7669567290848534,high,candidate,cc249e1a-62c0-4274-812f-0019a041760e,,,"https://www.google.com/maps?q=-6.8398917,109.451725",81.08645,8.268516771782414,Non-Event,Maneuver,condition_like,0.88,R5,gyro dominan + asimetri tinggi → maneuver (Non-Event),False
95,1775973731.7665,-6.8542402,109.4532952,-85.6509618898124,-8.733967449619636,3.376492521926415,6.7719517,1.3889999389648438,6.413937179568052,1,3,0.0,0.0,0.15174009417107032,84793.1881642006,1370.3162649709218,61.878553345582134,0.1,0.7655135141989243,high,high_conf,cc249e1a-62c0-4274-812f-0019a041760e,,,"https://www.google.com/maps?q=-6.8542402,109.4532952",82.51926,8.414622730494104,Pothole,Pothole,event,0.95,R1,impulse tajam + durasi pendek + accel dominan,False
81,1775973640.1053333,-6.8605233,109.4533667,-63.08527263564837,-6.432907530670349,5.145262335300553,9.797223,0.6359999179840088,14.79928554629561,3,4,0.3179999589920044,0.06700003147125244,0.5303123312620089,69491.44852869656,1749.0299537828898,39.73142274588582,0.6359999179840088,0.7575051209686996,high,candidate,cc249e1a-62c0-4274-812f-0019a041760e,,,"https://www.google.com/maps?q=-6.8605233,109.4533667",72.05123,7.34718073960017,Pothole,Pothole,event,0.7607142857142857,ML_Ensemble(RF),Dipelajari dari data (Confidence: 76%),True
377,1776414094.710875,-6.8214183,109.4792533,-59.06526326382898,-6.022980657393604,4.017080856860335,4.849198,3.232999801635742,14.652811642867409,1,4,0.0,0.0,0.3125972248315041,130194.47053712666,4311.464183703467,30.197275208510433,0.1,0.7526544326749042,high,candidate,40a7a6c4-b8d9-447a-ba96-8503647f43bb,,,"https://www.google.com/maps?q=-6.8214183,109.4792533",104.56154,10.662309759194017,Non-Event,Non-Event,condition_like,0.7864627594627593,ML_Ensemble(RF),Dipelajari dari data (Confidence: 79%),True
118,1775973977.8574288,-6.837215,109.45062,-66.0381225633433,-6.73401442524647,4.503047380198216,3.466139599999999,2.3389999866485596,9.647913585718763,1,4,0.0,0.0,0.815281115420316,62389.92513822518,1528.5141302099578,40.81736888414495,0.1,0.751288469964381,high,candidate,cc249e1a-62c0-4274-812f-0019a041760e,,,"https://www.google.com/maps?q=-6.837215,109.45062",109.225426,11.137893776162095,Pothole,Pothole,event,0.8392222222222222,ML_Ensemble(RF),Dipelajari dari data (Confidence: 84%),False
165,1776326931.542,-6.8553305,109.4920588,-73.39613622352253,-7.484323007706254,5.204167607878325,5.442451,0.5539999008178711,10.356739402809668,3,4,0.27699995040893555,0.009999990463256836,0.2978782284172596,53346.70560478954,1397.356829397544,38.176866813333966,0.5539999008178711,0.7505228882248189,high,candidate,2ba192ad-a007-47e8-843d-e4f356c01155,,,"https://www.google.com/maps?q=-6.8553305,109.4920588",127.000755,12.95047289339377,Speed Bump,Speed Bump,event,0.9,R3,multi-peak terstruktur + durasi lebih panjang + shape relatif simetris,False
361,1776414007.8214545,-6.8229028,109.4770648,50.418028470074425,5.141208105731766,9.382769629244079,5.2230177,3.4130001068115234,13.476791302782653,0,3,0.0,0.0,0.08803811992696849,102176.26057200335,4489.806169130268,22.757387891655636,0.0,0.7499402016790502,high,high_conf,40a7a6c4-b8d9-447a-ba96-8503647f43bb,,,"https://www.google.com/maps?q=-6.8229028,109.4770648",99.69262,10.165818092824768,Non-Event,Normal,condition_like,0.92,R6,amplitudo rendah + tidak ada struktur event → Non-Event,False
16,1775973073.1651666,-6.8903863,109.4539875,-52.225899432197124,-5.325559638836618,7.006658370653413,8.041139,2.9509999752044678,8.085681374171214,2,4,0.7860000133514404,0.0,0.7553772056448265,50373.911126757,1208.9506656389249,41.667466272055975,0.7860000133514404,0.7436459884602755,high,candidate,178e7720-4939-4df4-b9af-2a0a7e15ece3,,,"https://www.google.com/maps?q=-6.8903863,109.4539875",97.00787,9.892049782545518,Non-Event,Maneuver,condition_like,0.88,R5,gyro dominan + asimetri tinggi → maneuver (Non-Event),False
83,1775973654.308,-6.8597,109.4534417,78.89599277146455,8.045152296805183,3.176294725875576,9.759648,0.23600006103515625,10.887971405179425,2,4,0.23400020599365234,0.0,0.355773503294753,59907.09014751045,1687.620121293345,35.49797099248932,0.23400020599365234,0.7324562094919502,high,high_conf,cc249e1a-62c0-4274-812f-0019a041760e,,,"https://www.google.com/maps?q=-6.8597,109.4534417",103.88134,10.592948662387258,Speed Bump,Speed Bump,event,0.9,R3,multi-peak terstruktur + durasi lebih panjang + shape relatif simetris,False
59,1775973469.9881,-6.8736433,109.451615,-52.93206681542639,-5.3975686718121265,4.449629758421621,8.667922,4.215000152587891,11.516908033139694,2,5,0.872999906539917,0.0,0.06007927965187099,73241.26074384812,1756.3555361981187,41.7007030710243,0.872999906539917,0.7313198793056331,high,candidate,cc249e1a-62c0-4274-812f-0019a041760e,,,"https://www.google.com/maps?q=-6.8736433,109.451615",83.252914,8.489434618345715,Non-Event,Non-Event,condition_like,0.8676931956931956,ML_Ensemble(RF),Dipelajari dari data (Confidence: 87%),False
221,1776330093.552,-6.8901653,109.5311733,45.68475656009576,4.6585486950279416,6.310079270353841,7.4466925,2.5350000858306885,11.889266648661023,0,3,0.0,0.0,0.1356190965875575,63618.72684666804,1820.4559017345914,34.94659043984718,0.0,0.7280747313885662,high,candidate,44eda033-50cf-4664-89ef-2aa88372c53f,,,"https://www.google.com/maps?q=-6.8901653,109.5311733",99.60846,10.157236161176344,Non-Event,Normal,condition_like,0.92,R6,amplitudo rendah + tidak ada struktur event → Non-Event,False
71,1775973595.6937501,-6.8645797,109.4530747,-59.19316533864375,-6.036023039329818,3.7814459867772485,9.76029,1.625999927520752,11.698512674319339,1,5,0.0,0.0,0.5112438996186311,70670.45351802977,1617.6331608162905,43.687564762013444,0.1,0.7275049336195787,high,candidate,cc249e1a-62c0-4274-812f-0019a041760e,,,"https://www.google.com/maps?q=-6.8645797,109.4530747",74.872894,7.634910392437785,Non-Event,Non-Event,condition_like,0.8514660894660895,ML_Ensemble(RF),Dipelajari dari data (Confidence: 85%),False
48,1775973409.6382,-6.8754347,109.4488971,52.86987452715965,5.391226823345348,4.299975962450982,9.097576,5.740000009536743,11.384510342548026,2,4,0.19899988174438477,0.0,0.5345121503413377,71273.2456519363,1319.963709303106,53.99636754829394,0.19899988174438477,0.724563513141354,high,candidate,cc249e1a-62c0-4274-812f-0019a041760e,,,"https://www.google.com/maps?q=-6.8754347,109.4488971",85.630516,8.73188254908659,Pothole,Pothole,event,0.618904761904762,ML_Ensemble(RF)_LOW_CONF,"ML ragu-ragu (Conf: 62%), pakai tebakan terbaik ML",True
418,1776417757.6039996,-6.9726167,109.4839428,-60.80913759981283,-6.2008063507734885,4.678065184197819,5.696789,2.369999885559082,6.97294011825299,4,5,0.5329999923706055,0.5098960345606324,0.813660655510965,42839.84146132966,1217.2078718685796,35.19517283466916,1.5989999771118164,0.7209312143766015,high,candidate,2403297f-866d-495e-a41b-b29966866b69,,,"https://www.google.com/maps?q=-6.9726167,109.4839428",116.55736,11.885542973390507,Non-Event,Maneuver,condition_like,0.88,R5,gyro dominan + asimetri tinggi → maneuver (Non-Event),False
428,1776417997.9086666,-6.9862248,109.4942418,-56.42807713202571,-5.75406251186957,7.747629844744296,15.408623,1.4040000438690186,7.199613435979229,2,5,0.31100010871887207,0.0,0.15043418597802452,53134.08533363421,2537.162278131573,20.942328273862362,0.31100010871887207,0.7200805134808386,high,candidate,2403297f-866d-495e-a41b-b29966866b69,,,"https://www.google.com/maps?q=-6.9862248,109.4942418",102.04109,10.405295386293995,Non-Event,Non-Event,condition_like,0.8559019869019869,ML_Ensemble(RF),Dipelajari dari data (Confidence: 86%),False
355,1776413972.2042499,-6.8241104,109.4750159,-51.35778638105955,-5.237036743542347,7.322852422905725,2.8625748,4.394000053405762,12.69217184862824,1,5,0.0,0.0,0.47893704439273804,70901.13332189551,2162.640067358198,32.7845277442405,0.1,0.7192964755342467,high,candidate,40a7a6c4-b8d9-447a-ba96-8503647f43bb,,,"https://www.google.com/maps?q=-6.8241104,109.4750159",90.831154,9.2622000377295,Non-Event,Non-Event,condition_like,0.7641770451770451,ML_Ensemble(RF),Dipelajari dari data (Confidence: 76%),True
121,1775973994.0570002,-6.8377,109.4496917,-49.991605126787654,-5.0977250260575895,7.104326006385124,6.023279700000002,6.611000061035156,9.504719916163369,3,3,0.5465000867843628,0.16850006580352783,0.40880083679064827,51101.24572796628,1436.2164359079497,35.58046295444359,1.0930001735687256,0.717178947235665,high,candidate,cc249e1a-62c0-4274-812f-0019a041760e,,,"https://www.google.com/maps?q=-6.8377,109.4496917",83.65556,8.530493083774786,Non-Event,Rough Road,condition_like,0.72,R7,struktur kontinu panjang + noisy/dense → Non-Event,True
132,1775974074.6601253,-6.8398433,109.4456483,-50.678364828638784,-5.167755026297338,8.908782802517344,6.050045,4.697000026702881,8.960506221808087,2,5,0.8889999389648438,0.0,0.5750801226063424,50352.25219984696,2266.2034929266583,22.21876911530193,0.8889999389648438,0.7169734765588945,high,high_conf,cc249e1a-62c0-4274-812f-0019a041760e,,,"https://www.google.com/maps?q=-6.8398433,109.4456483",84.88028,8.655379767810619,Non-Event,Maneuver,condition_like,0.88,R5,gyro dominan + asimetri tinggi → maneuver (Non-Event),False
62,1775973494.648364,-6.8729683,109.4523,-50.98218219506199,-5.198735775729937,4.605516996901652,8.617479000000001,4.115999937057495,10.571644773786167,1,8,0.0,0.0,0.7199615251924764,79021.34581325718,1610.2372662098362,49.074349117619576,0.1,0.7131451852690123,high,candidate,cc249e1a-62c0-4274-812f-0019a041760e,,,"https://www.google.com/maps?q=-6.8729683,109.4523",83.81787,8.54704409762763,Pothole,Pothole,event,0.878904761904762,ML_Ensemble(RF),Dipelajari dari data (Confidence: 88%),False
360,1776414003.5957274,-6.8231183,109.4766921,52.06413577180663,5.309064336119535,5.480135047525063,4.903830999999999,3.6649999618530273,10.547140375463728,2,3,0.4889998435974121,0.0,0.0775187411685776,74602.30043477757,2665.2776905393553,27.990441923404365,0.4889998435974121,0.7110749630338402,high,candidate,40a7a6c4-b8d9-447a-ba96-8503647f43bb,,,"https://www.google.com/maps?q=-6.8231183,109.4766921",98.55442,10.04975399346362,Non-Event,Non-Event,condition_like,0.613891330891331,ML_Ensemble(RF)_LOW_CONF,"ML ragu-ragu (Conf: 61%), pakai tebakan terbaik ML",True
124,1775974016.9957273,-6.8382233,109.448705,52.037555777822206,5.306353931038857,5.902794070461992,6.930734599999999,6.203999996185303,6.598934462349361,1,7,0.0,0.0,0.4248347664293156,51920.64427873044,1301.5685091081689,39.89082701026279,0.1,0.7108281046449466,high,candidate,cc249e1a-62c0-4274-812f-0019a041760e,,,"https://www.google.com/maps?q=-6.8382233,109.448705",98.43407,10.037481708840431,Non-Event,Crack,condition_like,0.76,R4,spike kecil/rapat + durasi sangat singkat → Non-Event,True
70,1775973592.4975,-6.8645797,109.4530747,-69.85540631272609,-7.123269038124751,4.673575854381205,9.76029,0.2090001106262207,9.726799543527116,3,5,0.3859999179840088,0.23600006103515625,0.10547001494122873,50812.59710097524,1023.9842308041198,49.62244097396931,0.7719998359680176,0.7073576982136772,high,candidate,cc249e1a-62c0-4274-812f-0019a041760e,,,"https://www.google.com/maps?q=-6.8645797,109.4530747",118.22832,12.055933473714266,Pothole,Pothole,event,0.693047619047619,ML_Ensemble(RF),Dipelajari dari data (Confidence: 69%),True
122,1775974003.7335715,-6.8379683,109.44918,-54.2018564364537,-5.527051178175392,4.636430446171657,6.348069,9.390000104904175,9.525552841235584,0,5,0.0,0.0,0.5066389396785042,55438.82502855382,1204.836256917117,46.013576255079435,0.0,0.7060476549236886,high,candidate,cc249e1a-62c0-4274-812f-0019a041760e,,,"https://www.google.com/maps?q=-6.8379683,109.44918",114.63576,11.689594305904668,Non-Event,Normal,condition_like,0.92,R6,amplitudo rendah + tidak ada struktur event → Non-Event,False
294,1776413108.2223332,-6.8573752,109.4534641,-53.48247945367813,-5.4536951409174526,5.468056935810361,6.420327,1.8239998817443848,8.39076213941957,2,2,0.2649998664855957,0.0,0.6451985639094127,51952.39372372892,1676.1666167604744,30.994766971998576,0.2649998664855957,0.7049889244162583,high,candidate,c72307ef-f384-4659-aded-5319b398f560,,,"https://www.google.com/maps?q=-6.8573752,109.4534641",125.78913,12.82692152773883,Pothole,Pothole,event,0.6522958612268956,ML_Ensemble(RF),Dipelajari dari data (Confidence: 65%),True
125,1775974020.6189997,-6.83849,109.4482283,-52.500637601123245,-5.3535751353544025,5.01360324812094,6.7464643,1.7879998683929443,10.370136034427235,0,5,0.0,0.0,0.30699257098944716,77063.64074631041,1976.6907026711324,38.986190709141766,0.0,0.7040025219692494,high,candidate,cc249e1a-62c0-4274-812f-0019a041760e,,,"https://www.google.com/maps?q=-6.83849,109.4482283",87.97572,8.971026803240658,Non-Event,Normal,condition_like,0.92,R6,amplitudo rendah + tidak ada struktur event → Non-Event,False
349,1776413907.74775,-6.825711,109.4722645,-54.17540701473829,-5.524354087760682,5.433117378028704,7.291923,5.490999937057495,4.683568421441215,2,4,0.26600003242492676,0.0,0.04436358953629328,49749.838782353734,1500.8693812655267,33.14734737759626,0.26600003242492676,0.6957934204586167,high,candidate,40a7a6c4-b8d9-447a-ba96-8503647f43bb,,,"https://www.google.com/maps?q=-6.825711,109.4722645",102.12964,10.414324973359914,Non-Event,Non-Event,condition_like,0.7965686535686536,ML_Ensemble(RF),Dipelajari dari data (Confidence: 80%),True
410,1776417728.5456002,-6.9719433,109.4828897,-52.95493244787468,-5.399900317424879,9.033481522551604,2.5360343,2.3399999141693115,9.503337033758264,1,6,0.0,0.0,0.20437468010287677,62150.62872832756,1712.4611418988907,36.293161445472364,0.1,0.6947268213073242,high,high_conf,2403297f-866d-495e-a41b-b29966866b69,,,"https://www.google.com/maps?q=-6.9719433,109.4828897",96.7101,9.861685692871674,Non-Event,Non-Event,condition_like,0.7138056923918993,ML_Ensemble(RF),Dipelajari dari data (Confidence: 71%),True
387,1776417453.7437499,-6.9576179,109.4926011,-58.484097530246665,-5.9637182452974935,4.259304235674091,9.831934,1.0239999294281006,11.060912968228953,2,5,0.5690000057220459,0.0,0.2675736052672296,73428.8723710104,1608.562379268606,45.64875647455392,0.5690000057220459,0.6868462094160247,high,candidate,2403297f-866d-495e-a41b-b29966866b69,,,"https://www.google.com/maps?q=-6.9576179,109.4926011",110.85458,11.30402125088588,Non-Event,Non-Event,condition_like,0.8070558330558331,ML_Ensemble(RF),Dipelajari dari data (Confidence: 81%),False
265,1776412812.405,-6.8731217,109.446285,-58.49138754726374,-5.964461620152013,4.6163595054030395,8.331294,1.181999921798706,8.455123843158319,1,4,0.0,0.0,0.3442238597064852,63411.59470450938,1583.5735326515899,40.04335343890692,0.1,0.6845921961572284,high,candidate,c72307ef-f384-4659-aded-5319b398f560,,,"https://www.google.com/maps?q=-6.8731217,109.446285",100.45904,10.243971182819822,Non-Event,Non-Event,condition_like,0.8116075571937641,ML_Ensemble(RF),Dipelajari dari data (Confidence: 81%),False
99,1775973761.2765,-6.8529233,109.4531869,-67.37174146539253,-6.8700057068818134,3.649893719364476,3.3723972000000004,6.734000205993652,4.937928937528739,2,5,0.8830001354217529,0.0,0.6973720564166492,30754.781612147992,655.9920960117715,46.882853851814176,0.8830001354217529,0.6840977778358303,high,candidate,cc249e1a-62c0-4274-812f-0019a041760e,,,"https://www.google.com/maps?q=-6.8529233,109.4531869",101.72766,10.373334421030627,Non-Event,Maneuver,condition_like,0.88,R5,gyro dominan + asimetri tinggi → maneuver (Non-Event),False
358,1776413989.0835383,-6.8233616,109.4762842,50.540005469381086,5.153646298112107,4.999169008826121,6.1592207000000005,9.032999992370605,8.356078928565521,2,5,0.497999906539917,0.0,0.8264362270780938,52080.06575505446,1958.996642799586,26.585071454763796,0.497999906539917,0.6779452558643734,high,candidate,40a7a6c4-b8d9-447a-ba96-8503647f43bb,,,"https://www.google.com/maps?q=-6.8233616,109.4762842",90.06703,9.184281074576946,Pothole,Pothole,event,0.6533910993221338,ML_Ensemble(RF),Dipelajari dari data (Confidence: 65%),True
225,1776330217.839,-6.8983373,109.5329715,-53.34266753877747,-5.4394382932782825,4.25717750720034,6.3594713,2.2360000610351562,8.567177429889611,3,4,0.49350011348724365,0.20550000667572021,0.715511312717339,39147.26834279718,1216.878180110109,32.1702442779315,0.9870002269744873,0.6778317629850539,high,candidate,44eda033-50cf-4664-89ef-2aa88372c53f,,,"https://www.google.com/maps?q=-6.8983373,109.5329715",93.75653,9.560505371355152,Non-Event,Maneuver,condition_like,0.88,R5,gyro dominan + asimetri tinggi → maneuver (Non-Event),False
52,1775973440.2052498,-6.8735337,109.4494394,-56.09380168591892,-5.719975902670017,4.351568710545375,7.445923,0.8889999389648438,12.910347188062277,1,4,0.0,0.0,0.13496257696722982,73459.12931501068,2404.1889764312664,30.55464025689753,0.1,0.6743031083413997,high,candidate,cc249e1a-62c0-4274-812f-0019a041760e,,,"https://www.google.com/maps?q=-6.8735337,109.4494394",84.087296,8.57451790366741,Non-Event,Non-Event,condition_like,0.9211034521034521,ML_Ensemble(RF),Dipelajari dari data (Confidence: 92%),False
356,1776413978.3350837,-6.8236299,109.4758239,-47.16118296676647,-4.809102289443028,4.497349068843918,6.273261500000001,3.8320000171661377,11.926865898021612,1,4,0.0,0.0,0.37644439164260296,89762.90646659838,3420.029799901929,26.24623517693505,0.1,0.6742332236193587,high,candidate,40a7a6c4-b8d9-447a-ba96-8503647f43bb,,,"https://www.google.com/maps?q=-6.8236299,109.4758239",96.90236,9.881290756782388,Non-Event,Non-Event,condition_like,0.7841770451770451,ML_Ensemble(RF),Dipelajari dari data (Confidence: 78%),True
120,1775973986.0477002,-6.8374517,109.45016,-55.27689639823471,-5.636674746038119,4.292487334813144,6.547266500000001,7.618000030517578,5.834719618888518,2,4,1.625999927520752,0.0,0.8497508342200288,41154.18715982526,923.4573385916351,44.56533658395544,1.625999927520752,0.6678381708219916,high,candidate,cc249e1a-62c0-4274-812f-0019a041760e,,,"https://www.google.com/maps?q=-6.8374517,109.45016",90.40979,9.219232867492977,Non-Event,Maneuver,condition_like,0.88,R5,gyro dominan + asimetri tinggi → maneuver (Non-Event),False
384,1776417381.4706001,-6.9524284,109.4960915,-54.612939655492816,-5.568970000509126,7.246588191230495,1.9180521,5.187999963760376,8.254409139808637,1,7,0.0,0.0,0.968739391919412,47988.92796894379,1652.0324064681322,29.0484180286091,0.1,0.6573719914337253,high,candidate,2403297f-866d-495e-a41b-b29966866b69,,,"https://www.google.com/maps?q=-6.9524284,109.4960915",96.4676,9.83695757470696,Pothole,Pothole,event,0.8019808429118774,ML_Ensemble(RF),Dipelajari dari data (Confidence: 80%),False
57,1775973458.3623333,-6.8735797,109.4508969,52.70960670909838,5.37488405409578,4.3129882657390235,9.255978,1.2920000553131104,9.471146633411317,1,3,0.0,0.0,0.37868856662119954,66206.03407802164,1490.1923286150886,44.427845159505296,0.1,0.6516196297939353,high,candidate,cc249e1a-62c0-4274-812f-0019a041760e,,,"https://www.google.com/maps?q=-6.8735797,109.4508969",100.011,10.198283817613559,Non-Event,Non-Event,condition_like,0.8611438640241884,ML_Ensemble(RF),Dipelajari dari data (Confidence: 86%),False
311,1776413519.6512728,-6.8362953,109.4522306,-44.704873710146856,-4.55862845213675,6.202045332951263,2.3380625,5.460000038146973,11.256931220072744,0,5,0.0,0.0,0.3138220345805297,57046.71348190086,2054.237746827778,27.770258599436225,0.0,0.6508990851002999,high,candidate,c72307ef-f384-4659-aded-5319b398f560,,,"https://www.google.com/maps?q=-6.8362953,109.4522306",94.894295,9.676525113061036,Non-Event,Normal,condition_like,0.92,R6,amplitudo rendah + tidak ada struktur event → Non-Event,False
212,1776329757.9666665,-6.8665306,109.5236055,-44.15928509233109,-4.502993896216454,6.227273843320607,8.368104,1.3659999370574951,9.1088606386891,1,3,0.0,0.0,0.12569346890981622,54778.93682455404,1232.3010088054266,44.452561824325144,0.1,0.6487481744013549,high,candidate,3a9b8fd6-92e7-4ce1-89d1-f0025de3bc91,,,"https://www.google.com/maps?q=-6.8665306,109.5236055",93.31403,9.51538292893088,Non-Event,Non-Event,condition_like,0.9199226242167419,ML_Ensemble(RF),Dipelajari dari data (Confidence: 92%),False
400,1776417628.38375,-6.9673139,109.4849616,-42.03977861771671,-4.286864384648857,6.024900254425898,7.6021647,0.9980001449584961,13.703008569080863,1,3,0.0,0.0,0.0009296899285107438,73645.90053020995,2340.2429585058726,31.469339638889384,0.1,0.6469876622381159,high,candidate,2403297f-866d-495e-a41b-b29966866b69,,,"https://www.google.com/maps?q=-6.9673139,109.4849616",102.820854,10.484809185603646,Non-Event,Non-Event,condition_like,0.807992340992341,ML_Ensemble(RF),Dipelajari dari data (Confidence: 81%),False
61,1775973487.052,-6.8729683,109.4523,59.64718469718158,6.082320129420504,3.6402399816308484,8.617479,0.5260000228881836,10.955236722100672,3,3,0.2645000219345093,0.05449998378753662,0.15370373243396912,59632.69657546139,1752.0287155076637,34.03636938915467,0.5290000438690186,0.636106110718084,high,candidate,cc249e1a-62c0-4274-812f-0019a041760e,,,"https://www.google.com/maps?q=-6.8729683,109.4523",103.56052,10.5602341268425,Speed Bump,Speed Bump,event,0.9,R3,multi-peak terstruktur + durasi lebih panjang + shape relatif simetris,False
413,1776417737.9470003,-6.9722923,109.4825775,49.013213112751124,4.997956806121471,4.937706078262207,2.7314875,2.4660000801086426,9.499242351993031,0,4,0.0,0.0,0.0916109894195499,51566.81007649301,2046.7787576566666,25.19412997540444,0.0,0.6335831963071735,high,candidate,2403297f-866d-495e-a41b-b29966866b69,,,"https://www.google.com/maps?q=-6.9722923,109.4825775",90.315865,9.209655182962582,Non-Event,Normal,condition_like,0.92,R6,amplitudo rendah + tidak ada struktur event → Non-Event,False
213,1776329767.2796667,-6.8666887,109.5242986,-45.28809801081971,-4.618100779656632,4.895682217031274,6.0147319999999995,1.9459998607635498,8.39174630519875,1,5,0.0,0.0,0.7825696749497276,44630.457025101336,1822.1652390338359,24.493089893577704,0.1,0.6315080644195937,high,candidate,3a9b8fd6-92e7-4ce1-89d1-f0025de3bc91,,,"https://www.google.com/maps?q=-6.8666887,109.5242986",74.172035,7.563442663906635,Pothole,Pothole,event,0.6783910993221337,ML_Ensemble(RF),Dipelajari dari data (Confidence: 68%),True
369,1776414054.2738,-6.8223926,109.4776971,-54.86598381382798,-5.594773323594498,4.8370173485481995,1.9771557999999998,1.9479999542236328,9.725478285235663,1,4,0.0,0.0,0.8737490561952034,85806.75975975508,2837.3485564496914,30.24188182113276,0.1,0.6312228236890172,high,candidate,40a7a6c4-b8d9-447a-ba96-8503647f43bb,,,"https://www.google.com/maps?q=-6.8223926,109.4776971",92.30071,9.4120530456374,Pothole,Pothole,event,0.7222991452991454,ML_Ensemble(RF),Dipelajari dari data (Confidence: 72%),True
372,1776414064.51,-6.8222372,109.4777523,-66.13069624667322,-6.743454313825132,5.671849024940522,2.5548666,0.0,9.586281992718805,1,3,0.0,0.0,0.12836849189072813,45391.93675918195,1906.854780692167,23.80461123468488,0.1,0.6289020885596314,high,candidate,40a7a6c4-b8d9-447a-ba96-8503647f43bb,,,"https://www.google.com/maps?q=-6.8222372,109.4777523",102.50849,10.452956922088584,Non-Event,Non-Event,condition_like,0.6504444444444445,ML_Ensemble(RF),Dipelajari dari data (Confidence: 65%),True
401,1776417629.7745,-6.9681225,109.484541,58.164546108338456,5.931133068717498,2.455487203883885,8.9760275,0.6410000324249268,13.986866179901162,2,4,0.6410000324249268,0.0,0.3999917571379904,74796.8738164712,1413.5596529668444,52.91384315233546,0.6410000324249268,0.6249725525039022,high,candidate,2403297f-866d-495e-a41b-b29966866b69,,,"https://www.google.com/maps?q=-6.9681225,109.484541",82.58653,8.421482361458805,Non-Event,Non-Event,condition_like,0.5675253178194355,ML_Ensemble(RF)_LOW_CONF,"ML ragu-ragu (Conf: 57%), pakai tebakan terbaik ML",True
274,1776412889.5015001,-6.8735509,109.4509692,56.332189755991564,5.7442847206733765,3.7837099126016533,8.772349,0.24299979209899902,13.730316025194563,2,4,0.30099987983703613,0.0,0.2279277879230346,76906.04648513603,1298.8563555694473,59.210586371737875,0.30099987983703613,0.6237517388598954,high,candidate,c72307ef-f384-4659-aded-5319b398f560,,,"https://www.google.com/maps?q=-6.8735509,109.4509692",103.504684,10.554540439395717,Pothole,Pothole,event,0.491981684981685,ML_Ensemble(RF)_LOW_CONF,"ML ragu-ragu (Conf: 49%), pakai tebakan terbaik ML",True
211,1776329654.9675,-6.870971,109.5220766,50.21073609735515,5.120070166402916,6.520023310401393,8.1265955,0.36100006103515625,9.100353977006161,2,3,0.36500000953674316,0.0,0.40963742824855226,40840.53011231954,1880.9461674154804,21.71275860952673,0.36500000953674316,0.6164834559959024,high,candidate,3a9b8fd6-92e7-4ce1-89d1-f0025de3bc91,,,"https://www.google.com/maps?q=-6.870971,109.5220766",84.49093,8.615677117058324,Non-Event,Non-Event,condition_like,0.8043181799043867,ML_Ensemble(RF),Dipelajari dari data (Confidence: 80%),False
376,1776414086.6955,-6.8214183,109.4792533,-45.216133064305104,-4.610762397383929,5.8690242968113955,4.849198,1.190000057220459,10.505896629607353,2,6,0.4049999713897705,0.0,0.6313980339926025,79520.55626495872,2746.836797359033,28.949865646355292,0.4049999713897705,0.6133114566315295,high,candidate,40a7a6c4-b8d9-447a-ba96-8503647f43bb,,,"https://www.google.com/maps?q=-6.8214183,109.4792533",99.516464,10.147855179903434,Pothole,Pothole,event,0.7497936507936508,ML_Ensemble(RF),Dipelajari dari data (Confidence: 75%),True
33,1775973197.52025,-6.8847364,109.452663,-42.89553256167615,-4.374127001746381,3.648732408423678,7.58755,2.1579999923706055,10.031788676221188,1,4,0.0,0.0,0.17980675333029128,50263.79236508351,1256.0171972363325,40.018394999417715,0.1,0.6129755654985812,high,normal,178e7720-4939-4df4-b9af-2a0a7e15ece3,,,"https://www.google.com/maps?q=-6.8847364,109.452663",86.53735,8.824353882314552,Non-Event,Non-Event,condition_like,0.9087336076139322,ML_Ensemble(RF),Dipelajari dari data (Confidence: 91%),False
304,1776413436.868,-6.8382885,109.4512137,-49.16291704184499,-5.013222358485823,6.206934852509839,7.591617,0.31799983978271484,10.164354636167797,2,4,0.31399989128112793,0.0,0.14051657714578555,48428.350614589304,1172.9636335685973,41.28717138993034,0.31399989128112793,0.6113143119393892,high,candidate,c72307ef-f384-4659-aded-5319b398f560,,,"https://www.google.com/maps?q=-6.8382885,109.4512137",94.63182,9.649760111760898,Non-Event,Non-Event,condition_like,0.8585450475450476,ML_Ensemble(RF),Dipelajari dari data (Confidence: 86%),False
15,1775973067.1239998,-6.8910533,109.4538383,51.129714185162406,5.213779851953767,3.403309182379115,7.441339,2.1459999084472656,4.775797293129877,2,5,0.2090001106262207,0.0,0.3295444260075356,37520.290595387254,1057.9738815454148,35.46428812128701,0.2090001106262207,0.6091829394806997,high,candidate,178e7720-4939-4df4-b9af-2a0a7e15ece3,,,"https://www.google.com/maps?q=-6.8910533,109.4538383",75.078026,7.655828035057843,Non-Event,Non-Event,condition_like,0.8226148832010901,ML_Ensemble(RF),Dipelajari dari data (Confidence: 82%),False
53,1775973443.9656665,-6.8735337,109.4494394,37.90775988996414,3.865515735747084,5.559633454672395,7.445923,2.0899999141693115,6.921136937371286,2,3,0.4609999656677246,0.0,0.781236277502053,31716.635879278405,982.2647130540572,32.28929577280217,0.4609999656677246,0.6081926235317553,high,candidate,cc249e1a-62c0-4274-812f-0019a041760e,,,"https://www.google.com/maps?q=-6.8735337,109.4494394",76.06787,7.756764032569736,Pothole,Pothole,event,0.6728456447766792,ML_Ensemble(RF),Dipelajari dari data (Confidence: 67%),True
255,1776412774.5115,-6.8725567,109.44295,52.06233020807982,5.308880219858955,2.59427776922716,8.278792,1.5709998607635498,9.188214626160196,2,5,1.5709998607635498,0.0,0.6310467487767824,52069.647042823024,1304.5339137159995,39.9143682317824,1.5709998607635498,0.6078046768499004,high,candidate,c72307ef-f384-4659-aded-5319b398f560,,,"https://www.google.com/maps?q=-6.8725567,109.44295",67.57149,6.890374388807595,Non-Event,Maneuver,condition_like,0.88,R5,gyro dominan + asimetri tinggi → maneuver (Non-Event),False
90,1775973703.7305,-6.8560238,109.4533981,-42.479664928567345,-4.331720304953001,4.885596328190783,6.695198500000001,5.453999996185303,6.520684873194826,2,5,1.6589999198913574,0.0,0.8454490716548722,34970.74426228581,775.2031761716005,45.11171431195594,1.6589999198913574,0.6049704622683512,high,candidate,cc249e1a-62c0-4274-812f-0019a041760e,,,"https://www.google.com/maps?q=-6.8560238,109.4533981",69.6577,7.103108604875264,Non-Event,Maneuver,condition_like,0.88,R5,gyro dominan + asimetri tinggi → maneuver (Non-Event),False
88,1775973695.0542858,-6.8566759,109.4534206,-40.21899742627009,-4.101196374528518,4.568501714790228,7.029168999999998,4.417999982833862,8.717973099242592,2,5,0.4089999198913574,0.0,0.0009030331095162907,47067.524991709586,1223.8056024952468,38.45996852546066,0.4089999198913574,0.6044114802024299,high,candidate,cc249e1a-62c0-4274-812f-0019a041760e,,,"https://www.google.com/maps?q=-6.8566759,109.4534206",89.98523,9.175939795954786,Non-Event,Non-Event,condition_like,0.7174882807823986,ML_Ensemble(RF),Dipelajari dari data (Confidence: 72%),True
390,1776417481.8965,-6.9592493,109.4904133,50.10955577106715,5.109752644487888,4.082600437738029,10.228854,1.1190001964569092,8.64733195529912,2,5,1.126000165939331,0.0,0.5019671506957649,43482.35948742555,895.5103302178094,48.55595515943814,1.126000165939331,0.6041677006593459,high,candidate,2403297f-866d-495e-a41b-b29966866b69,,,"https://www.google.com/maps?q=-6.9592493,109.4904133",83.90988,8.556426506503241,Non-Event,Non-Event,condition_like,0.7441185227840136,ML_Ensemble(RF),Dipelajari dari data (Confidence: 74%),True
262,1776412798.136,-6.8728333,109.4445817,37.37897915742705,3.811595107139242,4.7301741923506375,10.803505,1.9950001239776611,8.81153467526683,2,2,0.31400012969970703,0.0,0.7362702550665836,45167.71078568029,1441.8106893534123,31.327074412667113,0.31400012969970703,0.6022244866290944,high,candidate,c72307ef-f384-4659-aded-5319b398f560,,,"https://www.google.com/maps?q=-6.8728333,109.4445817",68.26035,6.960618559854793,Non-Event,Non-Event,condition_like,0.5689701945564015,ML_Ensemble(RF)_LOW_CONF,"ML ragu-ragu (Conf: 57%), pakai tebakan terbaik ML",True
424,1776417874.3070002,-6.9750922,109.4946936,40.98907884912998,4.179722825748852,6.765840335510808,10.956158,1.4040000438690186,6.4307785006259985,1,5,0.0,0.0,0.43485116258658363,44467.047392566725,1684.9914778564043,26.39007256152197,0.1,0.602188386098856,high,candidate,2403297f-866d-495e-a41b-b29966866b69,,,"https://www.google.com/maps?q=-6.9750922,109.4946936",120.33754,12.271014056787998,Non-Event,Non-Event,condition_like,0.9083571801198577,ML_Ensemble(RF),Dipelajari dari data (Confidence: 91%),False
60,1775973482.8966665,-6.8736917,109.45215,52.31389016949972,5.334532196978553,3.893924910778487,4.4909515,1.9200000762939453,5.707490362917073,2,4,0.3989999294281006,0.0,0.5386669980422532,29200.894759631203,905.6855747978124,32.24175755908261,0.3989999294281006,0.6004265539156649,high,candidate,cc249e1a-62c0-4274-812f-0019a041760e,,,"https://www.google.com/maps?q=-6.8736917,109.45215",89.153046,9.091080644256705,Pothole,Pothole,event,0.755647509578544,ML_Ensemble(RF),Dipelajari dari data (Confidence: 76%),True
