window_start,window_end,mag_mean,mag_std,mag_max,mag_rms,mag_jrk,lat_mean,lon_mean,speed_mean,gyro_mag_mean,gyro_mag_max,gyro_mag_jrk,gyro_x_std,gyro_y_std,gyro_z_std,trip_id,label,event_id
1775972261.916,1775972262.916,23.54418424444445,12.82018683608357,81.670135,26.80831591593244,8.000978935025381,-6.899016699999998,109.40690500000002,9.420445999999998,1.1238187211653634,4.460316479321147,0.4240461989907502,0.992871904710338,0.7951935473895398,0.4567907341588991,178e7720-4939-4df4-b9af-2a0a7e15ece3,Non-Event,1
1775972262.416,1775972263.416,22.239117485353532,9.304885504863808,61.352005,24.107244570584623,6.968304867005076,-6.899016699999998,109.40690500000002,9.420445999999998,0.9969946949731264,2.4742555929132504,0.335706439098301,0.7818581588704948,0.6619872282842391,0.40067870839544,178e7720-4939-4df4-b9af-2a0a7e15ece3,Non-Event,1
1775972270.916,1775972271.916,25.566819953846156,10.473536601250224,74.32129,27.62892056324521,7.542415860824742,-6.897905300000001,109.4069794,12.110077999999996,1.215130589224325,3.810868214007308,0.3751270260239367,0.9523169473826238,0.8153671431341374,0.4861311926317552,178e7720-4939-4df4-b9af-2a0a7e15ece3,Non-Event,2
1775972271.416,1775972272.416,22.99169996767677,9.290540571665131,62.245552,24.79783078249837,7.3470812883248735,-6.8979053000000015,109.4069794,12.110077999999996,1.0548315440405809,2.756230992734916,0.3337709533984815,0.7950713392020949,0.7284993336737191,0.4774408366834236,178e7720-4939-4df4-b9af-2a0a7e15ece3,Non-Event,2
1775972280.916,1775972281.916,25.18992284900001,11.778285470872271,64.76665,27.80755691843376,7.96250468643216,-6.8968191,109.4070534,11.824939,1.1772971631447189,4.125696239509159,0.3809998352343656,0.9656329696230652,0.8643876596213586,0.470642674144708,178e7720-4939-4df4-b9af-2a0a7e15ece3,Non-Event,3
1775972281.416,1775972282.416,21.20163699282051,8.46666491442272,52.778137,22.829669860697766,6.669342092783506,-6.8968191,109.4070534,11.824939000000002,0.8936329881324562,2.57319910648642,0.305381757550078,0.6613229461365266,0.6212624546389027,0.4315551604409153,178e7720-4939-4df4-b9af-2a0a7e15ece3,Non-Event,3
1775972290.416,1775972291.416,21.1280091875,8.110403709726986,53.13001,22.631204576023737,6.449026,-6.8957427,109.40712770000002,9.986261,1.0173335873456466,2.3291741018478525,0.2982182110826449,0.7519363909193255,0.6518425814987787,0.4681717997678519,178e7720-4939-4df4-b9af-2a0a7e15ece3,Non-Event,4
1775972290.916,1775972291.916,26.138865329081632,12.514676922454306,77.301605,28.980293634904328,7.929255794871794,-6.8957427,109.40712770000005,9.986261,1.2821426828698814,4.451777515077546,0.3736776764009821,1.156039391142216,0.6727492724156519,0.586179877477237,178e7720-4939-4df4-b9af-2a0a7e15ece3,Non-Event,4
1775972298.416,1775972299.416,24.091554371,11.405698859784268,63.94198,26.655073785133915,8.54511649045226,-6.8947717,109.40716330000004,10.447317,1.1930569165787963,3.595918438791055,0.3716783099438637,1.026022983147176,0.6783158649721568,0.5168206846736677,178e7720-4939-4df4-b9af-2a0a7e15ece3,Non-Event,5
1775972298.916,1775972299.916,22.45580455879397,10.288478729893956,61.95862,24.70052535793991,7.618609563636364,-6.894771699999999,109.40716330000004,10.447317000000002,1.13158111868988,3.595918438791055,0.3371323331450755,0.9068433439102276,0.6856807719763068,0.5112171899676798,178e7720-4939-4df4-b9af-2a0a7e15ece3,Non-Event,5
1775972310.416,1775972311.416,17.3994542745,6.103670439753417,39.580956,18.438975076927026,4.894111221105528,-6.894028300000001,109.4072067,5.6856217,0.9672352779681538,1.9868248142450808,0.2631190565394073,0.6389389052121776,0.5854192924169452,0.5584870656636158,178e7720-4939-4df4-b9af-2a0a7e15ece3,Non-Event,6
1775972310.916,1775972311.916,19.7643884622449,9.156419678458375,51.736435,21.78235691137621,5.519473597948718,-6.8940283,109.40720669999996,5.685621699999999,0.9951645909608758,3.157895033271572,0.2654283781454744,0.6774402255392653,0.6242191930543911,0.5846350585570311,178e7720-4939-4df4-b9af-2a0a7e15ece3,Non-Event,6
1775972322.916,1775972323.916,19.34866520808081,8.648005732566645,52.64972,21.19336803070485,6.738124551269036,-6.8933759000000006,109.4072677,3.8525774,0.9131148302936573,2.6216137821053582,0.2814768506087712,0.7680848398780968,0.5090169549073038,0.4220448709855838,178e7720-4939-4df4-b9af-2a0a7e15ece3,Non-Event,7
1775972323.416,1775972324.416,18.43767138434344,8.231849971632812,52.64972,20.1918567752574,5.9152856690355335,-6.8933759000000006,109.4072677,3.8525774,0.8872936794836013,2.6216137821053582,0.2795487290681653,0.7361948229671639,0.4953407964470854,0.4365762966887138,178e7720-4939-4df4-b9af-2a0a7e15ece3,Non-Event,7
1775972343.416,1775972344.416,18.7382035479798,8.416196023931494,68.00903,20.54148552852892,5.169297939086294,-6.893465099999999,109.40909710000004,14.848360000000005,0.7497496512815693,2.6869224887057124,0.2626761941805061,0.6383446996347637,0.4566780771456774,0.3646176744216607,178e7720-4939-4df4-b9af-2a0a7e15ece3,Non-Event,8
1775972343.916,1775972344.916,18.24606636180905,8.318698448271368,68.00903,20.052922020314444,5.204068272727273,-6.893465099999999,109.40909710000004,14.848360000000005,0.7199329059691005,2.6869224887057124,0.2439774139632976,0.604523967324829,0.4629946590584252,0.3346203875852367,178e7720-4939-4df4-b9af-2a0a7e15ece3,Non-Event,8
1775972347.416,1775972348.416,17.101445075634516,6.439098210057021,52.565235,18.273516613769328,4.871775771428571,-6.8935844,109.41035659999996,13.817241,0.6861185494912971,2.676262052942032,0.2586918677115589,0.582720924771532,0.3764412853677663,0.3512059064050871,178e7720-4939-4df4-b9af-2a0a7e15ece3,Non-Event,9
1775972347.916,1775972348.916,16.67804742385787,6.180415506620084,52.565235,17.78636561265179,4.722610714285714,-6.8935844,109.41035659999996,13.817241,0.6533263034525036,2.676262052942032,0.2659559683025068,0.5542880491600771,0.382204280420328,0.3109581331219205,178e7720-4939-4df4-b9af-2a0a7e15ece3,Non-Event,9
1775972355.416,1775972356.416,17.440560020408164,5.942048656242873,49.487602,18.425012240392604,5.012570692307692,-6.8935844,109.4103566,13.817240999999996,0.7218277251940165,1.6914273618382227,0.1972816401025469,0.5609640410123389,0.4127531743819367,0.3591280392938921,178e7720-4939-4df4-b9af-2a0a7e15ece3,Non-Event,10
1775972355.916,1775972356.916,16.90099541060606,5.725064146288826,49.487602,17.844326979419787,4.724735413197969,-6.8935844,109.4103566,13.817240999999996,0.6678674941047316,1.654616298090361,0.1740069885487693,0.4942433180329685,0.4135300909133985,0.3365255504549505,178e7720-4939-4df4-b9af-2a0a7e15ece3,Non-Event,10
1775972362.416,1775972363.416,19.11663052676768,9.706108752118272,70.256714,21.43954546637808,5.605916265989848,-6.893717899999999,109.4115986,13.326381000000003,0.7865587888515044,3.444892968289255,0.2903053938422291,0.7308446176355451,0.5505036202319751,0.349710588459657,178e7720-4939-4df4-b9af-2a0a7e15ece3,Non-Event,11
1775972362.916,1775972363.916,18.081573113065325,10.041437991135686,70.256714,20.682692357934208,5.471976080808081,-6.893717899999999,109.4115986,13.326381,0.7920194096721419,3.444892968289255,0.2781146572325389,0.731546121973759,0.5645410606420574,0.3559443100627841,178e7720-4939-4df4-b9af-2a0a7e15ece3,Non-Event,11
1775972417.916,1775972418.916,23.79785281725888,14.89902361623571,86.31079,28.07701379116137,6.967744821428573,-6.894143299999997,109.4176217,9.365886000000003,1.1422872329606215,6.702471123877093,0.4310584383131082,1.2298442218802736,0.6543329783629738,0.5173129645690606,178e7720-4939-4df4-b9af-2a0a7e15ece3,Speed Bump,13
1775972418.416,1775972419.416,22.568856038118813,15.294416068253266,86.31079,27.263023048410748,7.098699291542289,-6.894143299999997,109.4176217,9.365886000000003,1.0466704277928789,6.702471123877093,0.3670916294486568,1.1856663003989805,0.628657127759354,0.4717944859321925,178e7720-4939-4df4-b9af-2a0a7e15ece3,Speed Bump,13
1775972424.416,1775972425.416,22.008674690954773,12.664678799644156,81.99519,25.3924368808988,8.114587121212121,-6.894143299999997,109.41762170000004,9.365886000000003,1.170969934117449,4.360843307868474,0.3862451208277043,0.9497464053219864,0.7876234589770489,0.5386885312810249,178e7720-4939-4df4-b9af-2a0a7e15ece3,Non-Event,14
1775972424.916,1775972425.916,19.270725620707072,8.016523856473855,56.72823,20.87164393836744,6.805830082233503,-6.894143299999997,109.4176217,9.365886000000003,1.026118374313332,2.460463846862772,0.2914693681739187,0.7545577949784081,0.6699058873998486,0.4906769026105657,178e7720-4939-4df4-b9af-2a0a7e15ece3,Non-Event,14
1775972434.416,1775972435.416,18.428400071356783,7.024134685596103,55.139706,19.721673287816557,6.20126524040404,-6.8942007000000025,109.41842,10.810950999999998,0.919401020714874,2.7034367061032243,0.3716354323490945,0.8078608306228852,0.4808153023739737,0.353822427892341,178e7720-4939-4df4-b9af-2a0a7e15ece3,Non-Event,15
1775972434.916,1775972435.916,18.45150108265306,7.074715016072686,55.139706,19.76131282991572,6.155818664615384,-6.894200700000002,109.41841999999998,10.810951,0.8948701157899355,2.7034367061032243,0.3413355050431415,0.7836990297045032,0.4640797172591228,0.3534396369867821,178e7720-4939-4df4-b9af-2a0a7e15ece3,Non-Event,15
1775972455.416,1775972456.416,23.224631909,9.314020296347111,60.059406,25.022679740373672,7.909413363819094,-6.894239999999997,109.42057670000004,13.544584,1.042144768724337,2.508420561602461,0.3458395269323559,0.8910029918475378,0.5869349395968109,0.4341108248491124,178e7720-4939-4df4-b9af-2a0a7e15ece3,Non-Event,16
1775972455.916,1775972456.916,20.8037075955,8.506729129207864,60.059406,22.475735587445808,6.401097813065326,-6.894239999999997,109.42057670000004,13.544584,0.8838325078826452,2.3089963434490883,0.280405379295207,0.7527338066625587,0.5225498850357055,0.3754919175762703,178e7720-4939-4df4-b9af-2a0a7e15ece3,Non-Event,16
1775972887.916,1775972888.916,20.990684605050507,11.053035351788704,71.01689,23.72295155912508,6.19662303248731,-6.8927099999999975,109.4355667,9.876490000000002,0.9694612211408404,3.252108474176792,0.2892025747241082,0.8014456443239644,0.6751244923822516,0.4081342732876147,178e7720-4939-4df4-b9af-2a0a7e15ece3,Non-Event,22
1775972888.416,1775972889.416,18.996888098984773,10.664030602952254,71.01689,21.78539203562909,5.336450260204082,-6.892709999999998,109.4355667,9.876490000000002,0.8241329241142508,3.252108474176792,0.263925694279653,0.7291122777998823,0.6060915333694508,0.347180422006353,178e7720-4939-4df4-b9af-2a0a7e15ece3,Non-Event,22
1775972889.916,1775972890.916,17.335325067821785,8.426907269123381,63.191586,19.275016506593573,5.340285067661691,-6.892613299999998,109.436275,6.919410699999999,0.7818426554442457,3.81743596551157,0.2798849353133102,0.6793714157397014,0.5719122338253945,0.3041331481799512,178e7720-4939-4df4-b9af-2a0a7e15ece3,Non-Event,23
1775972890.416,1775972891.416,20.122415027777777,9.392574407764815,63.191586,22.206576515877803,6.64445816497462,-6.892613299999998,109.436275,6.919410699999999,1.0277007661676287,3.81743596551157,0.3408029764456054,0.8529185962215389,0.6677189075414016,0.429154086181402,178e7720-4939-4df4-b9af-2a0a7e15ece3,Non-Event,23
1775972898.916,1775972899.916,21.66425877295918,9.153523474840464,63.35935,23.51865430219583,6.995454907692308,-6.892613299999998,109.436275,6.919410699999999,0.970153013946468,2.598926847157307,0.3400805856068927,0.7906614119365238,0.5822210469130512,0.448789986475018,178e7720-4939-4df4-b9af-2a0a7e15ece3,Non-Event,25
1775972899.416,1775972900.416,19.72906614572864,8.759159702483734,63.35935,21.586081850955512,6.620186611111111,-6.892572294974873,109.43679431658292,9.41263938743718,0.8654965372886397,2.598926847157307,0.2899261983448719,0.7325348357055295,0.4877581652531619,0.3862661756372009,178e7720-4939-4df4-b9af-2a0a7e15ece3,Non-Event,25
1775972909.916,1775972910.916,18.74363227664975,8.199169741805358,63.95256,20.458497876853095,6.096067015306122,-6.892418305076142,109.43833437309642,12.258187401015228,0.7954429510414012,3.43256351919105,0.2708506293525614,0.6973344791424303,0.5047755599294784,0.3745079112075791,178e7720-4939-4df4-b9af-2a0a7e15ece3,Non-Event,27
1775972910.416,1775972911.416,19.2903982893401,8.225832006034873,63.95256,20.971022348776494,5.892278183673469,-6.8924118,109.4383925,12.268271999999998,0.8142660135650027,3.43256351919105,0.2800951787196628,0.727045116647093,0.4933377227346047,0.4078084767166329,178e7720-4939-4df4-b9af-2a0a7e15ece3,Non-Event,27
1775972914.916,1775972915.916,19.3438694675,7.4301417699881505,53.657516,20.721783048227326,5.833948663316583,-6.8924118,109.43839249999998,12.268271999999998,0.821819016552763,2.361270102550481,0.2977003993403324,0.629436144113116,0.4732703311087837,0.4472908010987915,178e7720-4939-4df4-b9af-2a0a7e15ece3,Non-Event,28
1775972915.416,1775972916.416,18.63352101632653,7.37619932400449,53.657516,20.040369805303666,5.838584377435897,-6.8924118,109.4383925,12.268272,0.7911223075766957,2.361270102550481,0.2897937501264303,0.6211146077495276,0.450614263584597,0.4013691218200645,178e7720-4939-4df4-b9af-2a0a7e15ece3,Non-Event,28
1775972925.916,1775972926.916,22.00850540812183,8.044305839216591,48.30905,23.432566371061064,7.682148001020407,-6.892307299999999,109.43953589999998,13.983735,0.951553396394789,2.2780127993631862,0.3675358160336422,0.824343282588731,0.5170617854135927,0.395086929980575,178e7720-4939-4df4-b9af-2a0a7e15ece3,Non-Event,29
1775972926.416,1775972927.416,23.294151745728648,9.587905554921498,55.516975,25.19018536023757,8.971125703030305,-6.8923073,109.43953589999995,13.983734999999998,1.031314538653349,2.488543876878608,0.3616548470507241,0.8848943635841101,0.597159831402817,0.4112523381095478,178e7720-4939-4df4-b9af-2a0a7e15ece3,Non-Event,29
1775972930.416,1775972931.416,18.14519089040404,7.127149288816647,65.02436,19.49472260470206,5.19723289035533,-6.8921763,109.44096779999995,14.897009999999996,0.7894504705675812,2.8802917740439096,0.2514134479064663,0.5895084959434476,0.5576238883828745,0.3898470090701998,178e7720-4939-4df4-b9af-2a0a7e15ece3,Non-Event,30
1775972930.916,1775972931.916,18.507310228643213,7.676433376415114,65.02436,20.03617132292948,5.615244145454545,-6.892176299999999,109.44096779999995,14.897009999999993,0.7912724684634116,2.8802917740439096,0.2608446115889212,0.6152111333898266,0.5418479663177048,0.3581798175941575,178e7720-4939-4df4-b9af-2a0a7e15ece3,Non-Event,30
1775972933.416,1775972934.416,20.834780890452265,9.451418224708553,59.07883,22.878317272288797,5.996952588888888,-6.892176299999999,109.44096779999995,14.897009999999993,0.9109437375005958,2.7904918656372213,0.3314223039099483,0.7817347065218281,0.5441563774434516,0.4558408061913216,178e7720-4939-4df4-b9af-2a0a7e15ece3,Non-Event,31
1775972933.916,1775972934.916,20.309889775376885,8.859658090042544,59.07883,22.15818503759761,5.642627022222222,-6.892176299999999,109.44096779999995,14.897009999999993,0.9049893768716792,2.7904918656372213,0.287355731185859,0.7142124873416188,0.5886628331314145,0.4188367745956816,178e7720-4939-4df4-b9af-2a0a7e15ece3,Non-Event,31
1775972938.916,1775972939.916,20.1707665142132,7.689073653475796,60.352665,21.586608705850026,5.792639547959183,-6.892176300000001,109.44096779999994,14.897009999999996,0.8637850596714982,2.67789907832311,0.306804115426771,0.7437083168659191,0.4877190766894667,0.3750822543660138,178e7720-4939-4df4-b9af-2a0a7e15ece3,Non-Event,33
1775972939.416,1775972940.416,23.153305597989952,9.439132453368323,73.9139,25.00345539292807,6.812196277777778,-6.892158592462313,109.4412231135678,14.633761809045224,1.0165618372104002,2.94184944566658,0.3500101942975753,0.8828839775943653,0.5753974662048723,0.4409787624263164,178e7720-4939-4df4-b9af-2a0a7e15ece3,Non-Event,33
1775972954.916,1775972955.916,23.1331022735,10.428917020719672,76.310745,25.375238541169765,7.405331927638192,-6.892137499999999,109.4433722,14.374064000000002,0.9813899298105996,3.8873026577707135,0.3871305859301928,0.9003889505566994,0.5784111553998672,0.3945277225640312,178e7720-4939-4df4-b9af-2a0a7e15ece3,Non-Event,37
1775972955.416,1775972956.416,19.625019905050504,7.55533493983494,57.40484,21.02913436941044,6.1093102923857865,-6.892137499999999,109.44337219999998,14.374064000000004,0.837635874933245,1.9128398279782863,0.2981611251682438,0.6676147082374111,0.4973036265840586,0.3887110403123311,178e7720-4939-4df4-b9af-2a0a7e15ece3,Non-Event,37
1775972965.916,1775972966.916,27.013293384577118,12.201176959701256,82.17975,29.64096386224953,9.133691902,-6.8922577,109.4448662,18.682701000000005,1.2425519391256703,4.269149919187659,0.4659587372300502,1.1447944982579463,0.7191867353734075,0.4591800274939602,178e7720-4939-4df4-b9af-2a0a7e15ece3,Non-Event,39
1775972966.416,1775972967.416,21.684754852261303,9.199195192990864,61.341557,23.55533453809172,6.790337004040403,-6.892257699999998,109.44486619999998,18.682701,0.9002525209228462,2.9550971542827487,0.3466766287926959,0.8293824187799466,0.4866452726770188,0.3746876109794695,178e7720-4939-4df4-b9af-2a0a7e15ece3,Non-Event,39
1775973027.416,1775973028.416,22.23843020408164,10.26428902456674,64.78555,24.492925654597727,7.546459087179487,-6.8939047,109.45271909999998,8.344460499999997,1.00643405502676,3.2381085962960308,0.3348414269961218,0.78443390301143,0.6565854730769666,0.470083109113167,178e7720-4939-4df4-b9af-2a0a7e15ece3,Non-Event,42
1775973027.916,1775973028.916,21.31847899802956,8.481536313037687,53.639812,22.943713845382664,7.389461112871287,-6.893904700000001,109.45271909999998,8.344460499999997,0.989184958100716,2.2244519415605497,0.2656365444725129,0.7462520077221191,0.5737106191699767,0.4820155573364386,178e7720-4939-4df4-b9af-2a0a7e15ece3,Non-Event,42
1775973034.416,1775973035.416,20.94603588426396,9.387136776156272,51.555218,22.953316887089304,7.78941445,-6.893490900000001,109.4529924,9.682491,0.98258431741284,2.110479168821917,0.2830473214016216,0.7619049279066812,0.5865616953655348,0.4185559160512538,178e7720-4939-4df4-b9af-2a0a7e15ece3,Non-Event,43
1775973034.916,1775973035.916,23.776880460500003,10.263829201478346,58.704517,25.897610590748062,8.862745149748744,-6.8934909000000015,109.4529924,9.682491,1.149260118004407,3.071421354337233,0.3368804142173496,0.8578705392555613,0.6890909460504615,0.5571632079926948,178e7720-4939-4df4-b9af-2a0a7e15ece3,Non-Event,43
1775973042.916,1775973043.916,22.642636852763815,9.659082573447598,65.793274,24.61680076303209,7.616553174747474,-6.892576699999999,109.45335999999998,10.906964,1.053906895155276,2.6523250996472414,0.3829404846537092,0.8565909658184621,0.6417215625384727,0.4693640808430351,178e7720-4939-4df4-b9af-2a0a7e15ece3,Non-Event,44
1775973043.416,1775973044.416,20.90854639030612,8.458272699393843,53.273373,22.55459352799102,6.764509579487178,-6.8925767,109.45336,10.906964,0.970657519860104,2.9033721544388342,0.3888339567581902,0.8241086342460043,0.5911464060513059,0.4133905277392908,178e7720-4939-4df4-b9af-2a0a7e15ece3,Non-Event,44
1775973048.416,1775973049.416,23.362098312626262,11.208057326313222,74.286964,25.911545430536137,8.087963168527919,-6.8925767,109.45335999999998,10.906964,1.2135176297605703,2.9489567138330908,0.3519329229615221,0.9143902098760914,0.8175650203106493,0.5490160501605754,178e7720-4939-4df4-b9af-2a0a7e15ece3,Non-Event,45
1775973048.916,1775973049.916,19.22997646122449,7.86931099392912,58.994873,20.7778259261748,6.449893201025642,-6.8925767,109.45336,10.906964,0.979117444818948,2.163566467266779,0.305511198501513,0.7065821745441858,0.6503945038893337,0.5003686606739118,178e7720-4939-4df4-b9af-2a0a7e15ece3,Non-Event,45
1775973054.416,1775973055.416,17.451745089447236,6.138000348566402,44.89587,18.49968796888334,4.863159698989898,-6.8917017,109.45366830000002,9.072494000000004,0.7332451470557109,1.8779549897520869,0.2210702915021805,0.5564476795180634,0.5023144502918961,0.2731435466154038,178e7720-4939-4df4-b9af-2a0a7e15ece3,Pothole,46
1775973054.916,1775973055.916,18.200539993969848,7.102373888958173,50.121696,19.537230380242,5.135809173737374,-6.8917017,109.45366830000002,9.072494000000004,0.8277533370228837,2.1136073404958644,0.2692801685261632,0.5948903099217361,0.600115120040794,0.3239860298825135,178e7720-4939-4df4-b9af-2a0a7e15ece3,Pothole,46
1775973058.416,1775973059.416,20.339877973846157,9.47935905780724,53.681553,22.440340553070584,5.8359632381443305,-6.8917017,109.45366830000002,9.072494000000004,0.9837517508489276,2.9846887682177177,0.302770522715778,0.7389098311921538,0.7351557754534677,0.4178427792366869,178e7720-4939-4df4-b9af-2a0a7e15ece3,Non-Event,47
1775973058.916,1775973059.916,21.429968999492385,9.880853549418935,53.681553,23.59819565526715,6.301530322448979,-6.8917017000000005,109.45366830000002,9.072494000000004,1.0568489241675312,2.9846887682177177,0.3103888027324527,0.8474020715998677,0.7752110277218306,0.4052269503537804,178e7720-4939-4df4-b9af-2a0a7e15ece3,Non-Event,47
1775973063.916,1775973064.916,22.25507454111675,10.57986320916462,64.526535,24.64187185169377,6.818702782142856,-6.891053299999999,109.4538383,7.441338999999999,1.0613573633524558,3.315382239345676,0.3772342895946816,0.8720711567713126,0.7430644979459518,0.3903818120448125,178e7720-4939-4df4-b9af-2a0a7e15ece3,Pothole,48
1775973064.416,1775973065.416,19.681049594358974,9.794197780496544,64.526535,21.98340336024204,6.174421851546391,-6.8910533,109.4538383,7.441339,0.9762879444976696,3.315382239345676,0.3078244636023049,0.7450125271725199,0.6496499393040084,0.4683666380624431,178e7720-4939-4df4-b9af-2a0a7e15ece3,Pothole,48
1775973074.916,1775973075.916,18.611464275,8.102093190672152,57.799618,20.298534837025485,5.188715467336682,-6.890386300000002,109.45398750000004,8.041139000000001,0.8290231480273778,2.856151591986366,0.2800295461375955,0.6214613244535536,0.5637399909870452,0.3957151761489011,178e7720-4939-4df4-b9af-2a0a7e15ece3,Pothole,49
1775973075.416,1775973076.416,16.94916971282051,5.946915120829234,38.945408,17.962186765768234,4.520196268041237,-6.890386300000002,109.4539875,8.041139,0.7310258057758475,1.915152682270072,0.2464933978641717,0.5442685546054876,0.4947614662892697,0.301447743743032,178e7720-4939-4df4-b9af-2a0a7e15ece3,Pothole,49
1775973081.916,1775973082.916,18.31204852284264,6.205436115698235,41.207706,19.33490518437976,5.6162310816326535,-6.8897539,109.4541563,8.796217999999996,0.9466154389281166,2.2017828269537643,0.2458579675761209,0.6540233951363447,0.607654077464645,0.4841267283184889,178e7720-4939-4df4-b9af-2a0a7e15ece3,Non-Event,50
1775973082.416,1775973083.416,18.871521973869346,7.520568093991633,56.662533,20.31485382833454,5.71116405858586,-6.8897539,109.45415630000002,8.796217999999996,0.970916225020589,2.6027821004948244,0.2907048151766202,0.7064266743155546,0.642654991942383,0.470999593204871,178e7720-4939-4df4-b9af-2a0a7e15ece3,Non-Event,50
1775973086.416,1775973087.416,29.82390495837564,18.97758335791984,89.35887,35.34987944920065,8.95523136530612,-6.8897539,109.4541563,8.796217999999996,1.4961013333789464,5.422519734533591,0.5120133359395103,1.450242271047234,1.0325895948574628,0.6147266367491528,178e7720-4939-4df4-b9af-2a0a7e15ece3,Pothole,51
1775973086.916,1775973087.916,29.442466444387748,19.33153748897576,89.35887,35.22168610411168,8.718318901538462,-6.8897539000000005,109.4541563,8.796217999999996,1.4411964037001503,5.422519734533591,0.4962668479071431,1.4540310284329194,0.987242355714214,0.5991205555218465,178e7720-4939-4df4-b9af-2a0a7e15ece3,Pothole,51
1775973088.916,1775973089.916,19.73434684619289,8.083867331325061,63.260277,21.32588465870309,5.519295334693877,-6.8897539,109.4541563,8.796217999999996,0.9200715313720208,3.31261223180155,0.2823013623118837,0.7398736560176107,0.6319144690514487,0.3740410237883407,178e7720-4939-4df4-b9af-2a0a7e15ece3,Non-Event,52
1775973089.416,1775973090.416,21.565133446969696,9.26457260316259,63.260277,23.47098817913046,6.557373751269035,-6.8897539,109.4541563,8.796217999999996,1.08366813668191,3.31261223180155,0.3307846666159134,0.7821310278116363,0.8012504953324039,0.459119052166254,178e7720-4939-4df4-b9af-2a0a7e15ece3,Non-Event,52
1775973096.416,1775973097.416,22.40723505226131,8.804595401837576,58.39672,24.074988740959924,6.620956470707071,-6.889062100000004,109.45433699999994,7.7601833,1.0949167829450244,2.7923505999236147,0.3319967209137471,0.7357291436183462,0.7126778152245772,0.5971229420160734,178e7720-4939-4df4-b9af-2a0a7e15ece3,Pothole,53
1775973096.916,1775973097.916,20.90291439035533,8.822466800547822,58.39672,22.688493789965268,5.942867232653062,-6.889062100000004,109.45433699999997,7.760183299999999,1.0279164552160636,2.7923505999236147,0.3029833997220399,0.7380638470311263,0.6588678822879384,0.5532093618585366,178e7720-4939-4df4-b9af-2a0a7e15ece3,Pothole,53
1775973103.916,1775973104.916,22.036402224747476,11.41149569045603,60.661922,24.815826742306047,6.175328903553298,-6.888273,109.45444769999996,8.49295,1.0424794506605215,4.1252073081240415,0.3667238733200558,0.9214793210647664,0.6530594944755447,0.4731925527809936,178e7720-4939-4df4-b9af-2a0a7e15ece3,Pothole,54
1775973104.416,1775973105.416,16.96924517070707,7.160237851336211,57.65852,18.418042451663343,4.625976438578681,-6.888273,109.45444769999996,8.49295,0.7602205465813497,3.455736716045509,0.2535927688587555,0.6252399082372233,0.4705933749786173,0.3421487253218077,178e7720-4939-4df4-b9af-2a0a7e15ece3,Pothole,54
1775973108.916,1775973109.916,20.824400035897437,7.786144173315616,50.535095,22.232401533409337,6.298996572164949,-6.888273,109.45444769999996,8.492950000000002,1.0612349985149312,2.1782952968218634,0.3476622181019407,0.7688711753939267,0.6908238140682861,0.4960566338098066,178e7720-4939-4df4-b9af-2a0a7e15ece3,Pothole,55
1775973109.416,1775973110.416,23.523511454545453,11.220632851963355,72.56195,26.0625822348955,6.924156888324873,-6.888273,109.45444769999996,8.49295,1.1908670656120228,3.916154901694071,0.3473569939645628,0.9739275671244172,0.7248247148713081,0.5337219007933843,178e7720-4939-4df4-b9af-2a0a7e15ece3,Pothole,55
1775973112.416,1775973113.416,22.08782594619289,9.19168711184468,68.500786,23.924029071027388,7.545834317346939,-6.887566799999998,109.4546063,8.748815000000002,1.140856264159937,2.813481136338265,0.3839487000715041,0.8865330595848437,0.6363751252808282,0.5881929508247435,178e7720-4939-4df4-b9af-2a0a7e15ece3,Non-Event,56
1775973112.916,1775973113.916,25.14856096852792,11.055737000288998,72.91143,27.47142951153662,8.138946175510204,-6.887566799999998,109.4546063,8.748815000000002,1.287135823536799,3.1487509074758533,0.4245268129236803,1.0510094470885851,0.6525212752076862,0.6385072401207657,178e7720-4939-4df4-b9af-2a0a7e15ece3,Non-Event,56
1775973117.416,1775973118.416,24.584493845918363,10.527748163139716,76.73567,26.74379963742044,8.155006166153846,-6.887566799999999,109.4546063,8.748815000000004,1.2457066760214155,4.065970259749818,0.431157483660007,1.0244946950014957,0.7335991203666231,0.5994678691870255,178e7720-4939-4df4-b9af-2a0a7e15ece3,Non-Event,57
1775973117.916,1775973118.916,20.910174327363183,8.601488089308662,53.14384,22.6101965438436,7.268395067,-6.8875668,109.4546063,8.748815000000004,1.0730330800526378,2.509626484316192,0.3457394694578894,0.745288682459663,0.6781635720715515,0.5508379780258592,178e7720-4939-4df4-b9af-2a0a7e15ece3,Non-Event,57
1775973124.916,1775973125.916,25.1678449925,10.839982351747588,69.92448,27.403022441926115,7.756001381909548,-6.8866528,109.45483450000005,9.22765,1.276470741721387,3.275534610325084,0.3772561312224645,1.0520882854675202,0.7419290871277973,0.5169826667262415,178e7720-4939-4df4-b9af-2a0a7e15ece3,Non-Event,58
1775973125.416,1775973126.416,23.02014674,10.313114375933692,69.92448,25.224739524169973,7.065991314572864,-6.8866528,109.45483450000005,9.22765,1.180523128037567,2.804121632060565,0.3331876279605598,0.9575222103082824,0.6672007513323479,0.5032585281300992,178e7720-4939-4df4-b9af-2a0a7e15ece3,Non-Event,58
1775973130.416,1775973131.416,25.568562085714284,15.011514767358028,81.88561,29.649569014433144,8.542561258461538,-6.886323799489795,109.45491665714287,9.120773392857142,1.3342331318462652,4.019383024132871,0.3998324904501525,1.0842490080065914,0.8757069664450093,0.725683213577916,178e7720-4939-4df4-b9af-2a0a7e15ece3,Non-Event,59
1775973130.916,1775973131.916,24.21607455075377,14.797539182028189,81.88561,28.379313460535368,7.571223529292929,-6.885924708542713,109.45501631708542,8.991127738693468,1.1711504418716208,4.019383024132871,0.3432398081921518,0.9983863501929502,0.7976544728342803,0.6807419303947402,178e7720-4939-4df4-b9af-2a0a7e15ece3,Non-Event,59
1775973134.416,1775973135.416,23.13371071785714,15.728168730407024,87.269714,27.97398547203548,7.762545414358974,-6.8858567,109.4550333,8.969035000000002,1.0520612367172393,5.720980890237706,0.387618912001269,0.9988919712182598,0.6898564766557581,0.6030843115101864,178e7720-4939-4df4-b9af-2a0a7e15ece3,Pothole,60
1775973134.916,1775973135.916,22.9746389969697,15.711176071801516,91.70083,27.832985657313685,6.641589076142132,-6.8858567,109.4550333,8.969035,1.091808893457226,5.555527629490402,0.3564035185385547,1.073225517951404,0.6870979264551214,0.6315937116532792,178e7720-4939-4df4-b9af-2a0a7e15ece3,Pothole,60
1775973138.916,1775973139.916,23.875843247474744,16.000669643818593,92.32091,28.74156084537865,7.139353451776651,-6.8858567,109.4550333,8.969035,1.1476808959229314,8.66562901999546,0.3645899834798082,1.281953510890377,0.7695068119416414,0.5977341368438464,178e7720-4939-4df4-b9af-2a0a7e15ece3,Pothole,61
1775973139.416,1775973140.416,28.973455939086293,16.546228761060934,92.32091,33.36523393095776,9.293581673469388,-6.8858567,109.4550333,8.969035,1.4431049081440117,8.66562901999546,0.4551802450486219,1.425410799110153,0.8913626390190172,0.6748935410167921,178e7720-4939-4df4-b9af-2a0a7e15ece3,Pothole,61
1775973144.916,1775973145.916,21.150765296938776,7.473360879248296,51.824093,22.43225346410093,6.42173772102564,-6.885423299999999,109.4551017,5.1693554,1.0286581610993624,2.4064025011246057,0.304332177857471,0.7865755603244962,0.6501346127316726,0.4651346710787203,178e7720-4939-4df4-b9af-2a0a7e15ece3,Pothole,62
1775973145.416,1775973146.416,22.140167996482408,8.82627791612131,55.248238,23.83464329007411,7.069816572727274,-6.885423299999999,109.4551017,5.169355399999999,1.1145988123712087,3.356200674307372,0.3283365367674484,0.87929944769418,0.7094585712799238,0.4970266838359389,178e7720-4939-4df4-b9af-2a0a7e15ece3,Pothole,62
1775973156.416,1775973157.416,24.325629909230766,12.405088389449968,80.395836,27.30608885268868,7.242418220103093,-6.8847717,109.45518669999996,4.272194400000001,1.2008632734629734,4.852875774730511,0.3788648790325848,1.0067160435695213,0.8808221010140149,0.4757892133260081,178e7720-4939-4df4-b9af-2a0a7e15ece3,Pothole,63
1775973156.916,1775973157.916,25.412745676767678,12.639080004358451,80.395836,28.38228296294447,7.377985319796955,-6.8847717,109.45518669999996,4.272194400000001,1.2753262258990403,4.852875774730511,0.4001228592446698,1.0993142518895322,0.8671073583429463,0.4809450538867617,178e7720-4939-4df4-b9af-2a0a7e15ece3,Pothole,63
1775973163.916,1775973164.916,16.589802569387757,6.656109658202055,54.67511,17.875271888093764,4.681062383589744,-6.884658199999999,109.45473919999998,7.831056599999998,0.7529030021475529,1.870644062918705,0.2324711925805905,0.5155549441690634,0.5327336491715079,0.3300023590496501,178e7720-4939-4df4-b9af-2a0a7e15ece3,Non-Event,64
1775973164.416,1775973165.416,17.092608181407034,6.476800857020155,54.67511,18.27857225782692,4.90066053939394,-6.884658199999999,109.4547392,7.831056599999998,0.780070066715833,1.7364128364065672,0.2391537849997792,0.5103617315797666,0.5673935496526906,0.3575700144667397,178e7720-4939-4df4-b9af-2a0a7e15ece3,Non-Event,64
1775973165.916,1775973166.916,19.924849056345177,8.187949140053604,50.170322,21.54163691640549,5.892488423469388,-6.8846582,109.45473919999996,7.831056599999998,1.0193002707970404,2.3956813883471653,0.3016221681877748,0.7843792273016906,0.6879625731099694,0.4064079761598969,178e7720-4939-4df4-b9af-2a0a7e15ece3,Non-Event,65
1775973166.416,1775973167.416,20.424697030150757,8.38892720652181,50.170322,22.08036114853584,6.290754161616162,-6.884658199999999,109.4547392,7.831056599999998,1.0708510778598668,2.3956813883471653,0.2962299264820431,0.7698602070300478,0.7115998944834888,0.4632111557771442,178e7720-4939-4df4-b9af-2a0a7e15ece3,Non-Event,65
1775973169.416,1775973170.416,21.28607942741117,12.078020556390026,73.15747,24.473981244387616,6.899685533673468,-6.8846582,109.45473919999996,7.831056599999998,0.9704355309908488,2.731713756165715,0.3231847609265717,0.8190712896832407,0.5957655791242586,0.4489440276591359,178e7720-4939-4df4-b9af-2a0a7e15ece3,Speed Bump,66
1775973169.916,1775973170.916,30.28500144646465,17.922335533365136,91.50932,35.190786060883724,10.148890564467004,-6.884658199999999,109.45473919999998,7.831056599999998,1.5457605370805696,6.89073813805731,0.5161717727110311,1.4874484375206902,1.0477814715944718,0.5746981555216247,178e7720-4939-4df4-b9af-2a0a7e15ece3,Speed Bump,66
1775973173.916,1775973174.916,19.857373722222224,7.952302471719221,51.592514,21.39052139957587,5.886244220304569,-6.8846569,109.45404290000003,6.7403836,1.004694739884833,2.23846762223206,0.2962825914147008,0.7239447668252132,0.6980218258394089,0.4386516991596202,178e7720-4939-4df4-b9af-2a0a7e15ece3,Non-Event,67
1775973174.416,1775973175.416,21.31548281,9.631794502542483,72.927734,23.390623607818007,6.458873109547739,-6.8846569,109.45404290000002,6.7403836,1.0186281657537457,3.3287030325263323,0.3155179744091301,0.7774261407322689,0.7089793998135534,0.4002993507719291,178e7720-4939-4df4-b9af-2a0a7e15ece3,Non-Event,67
1775973179.416,1775973180.416,19.2642683115,8.065994393127905,65.376236,20.884738426119537,5.793947976884422,-6.8846569,109.45404290000002,6.7403836,0.9508603384787724,1.9781273718390204,0.2633814951724205,0.6443708432983274,0.685553786977732,0.4034156658044676,178e7720-4939-4df4-b9af-2a0a7e15ece3,Non-Event,68
1775973179.916,1775973180.916,18.651805397,8.039438387493204,65.376236,20.310647802417765,6.039452237185929,-6.8846569,109.45404290000002,6.7403836,0.8699911518356264,1.7719061623363417,0.2457178814469435,0.6113206220474362,0.5942510863486546,0.3883542449272789,178e7720-4939-4df4-b9af-2a0a7e15ece3,Non-Event,68
1775973182.916,1775973183.916,18.78012774591837,8.677857003815587,56.370632,20.688122204097795,5.701676197948718,-6.884721400000002,109.45336449999996,7.598501700000001,0.9093242707601746,2.9332634456192723,0.2810584716431692,0.7898881928159808,0.543270573290847,0.4008434588102534,178e7720-4939-4df4-b9af-2a0a7e15ece3,Non-Event,69
1775973183.416,1775973184.416,18.80318668844221,7.88345932812267,56.370632,20.388937211600187,5.683364111111112,-6.884721400000002,109.45336449999996,7.598501700000002,0.9159167744633429,2.9332634456192723,0.2417844264944005,0.7537104931065058,0.5502591650099475,0.4179864146659653,178e7720-4939-4df4-b9af-2a0a7e15ece3,Non-Event,69
1775973188.916,1775973189.916,16.193728249494946,5.695780378887681,37.422173,17.16620950422698,4.5085635390862935,-6.884721400000002,109.45336449999996,7.598501700000001,0.6997940844809994,1.8415450039830712,0.231645718323053,0.5027361759533632,0.4641494986313475,0.3243416971211392,178e7720-4939-4df4-b9af-2a0a7e15ece3,Pothole,70
1775973189.416,1775973190.416,20.451380233505155,10.771224738790728,72.540115,23.114459453531303,6.2737134994818655,-6.884721400000003,109.45336449999998,7.5985017,0.961144778559025,3.929149834987367,0.3016513510015179,0.887517577981144,0.6115165596067335,0.4150120867073339,178e7720-4939-4df4-b9af-2a0a7e15ece3,Pothole,70
1775973195.916,1775973196.916,26.69397854060913,13.033123074902504,82.755714,29.705736607801143,8.87710017857143,-6.884736399999997,109.45266300000002,7.587549999999997,1.3951616272703162,4.473187341922703,0.4780832486674093,1.1437596742596587,0.9445224179757516,0.6021345180030679,178e7720-4939-4df4-b9af-2a0a7e15ece3,Non-Event,71
1775973196.416,1775973197.416,27.03650753484848,12.994689071059526,82.755714,29.997244602386942,7.994027346192894,-6.884736399999998,109.45266300000002,7.587549999999997,1.464356985898705,4.473187341922703,0.49588672257141,1.119480228630493,0.9690969455757176,0.764629940817703,178e7720-4939-4df4-b9af-2a0a7e15ece3,Non-Event,71
1775973207.416,1775973208.416,20.38538602676768,11.171445388164384,74.14056,23.245755645301664,6.669458144162437,-6.884693900000001,109.4522318,4.201156599999999,0.946768437285198,4.174061041232807,0.3422670714501451,0.7891038873430655,0.6651981438847001,0.4348707080381672,178e7720-4939-4df4-b9af-2a0a7e15ece3,Non-Event,72
1775973207.916,1775973208.916,17.016798245728644,6.807177858025618,43.1207,18.327822918356333,4.861698752525253,-6.884693900000001,109.4522318,4.201156599999999,0.7920823709544492,2.230559109596058,0.2134784248759016,0.595183312144042,0.519822736575709,0.3895090502717487,178e7720-4939-4df4-b9af-2a0a7e15ece3,Non-Event,72
1775973229.916,1775973230.916,27.110204297979795,11.964875011787948,73.00119,29.6331134227558,9.054851401015227,-6.884271799999997,109.4511982,7.862417700000001,1.3777681754118256,3.9522542828033593,0.4361896138494706,1.163547657079829,0.7606109603251126,0.6456757350168283,178e7720-4939-4df4-b9af-2a0a7e15ece3,Pothole,74
1775973230.416,1775973231.416,23.729494765151514,11.580570232662277,73.00119,26.40451720298966,7.989676865482233,-6.884271799999997,109.4511982,7.862417700000001,1.221977720973555,3.9522542828033593,0.3693859396166516,1.0283781395824485,0.7268312676291209,0.5946845416224489,178e7720-4939-4df4-b9af-2a0a7e15ece3,Pothole,74
1775973236.916,1775973237.916,21.499217717676764,9.127570766502338,66.51262,23.35656033258268,7.272409293401015,-6.884107900000003,109.4504441,8.933895000000001,1.0882262236610043,2.39254441840951,0.3498485466251752,0.820757844716561,0.6721137629998186,0.5079941232706073,178e7720-4939-4df4-b9af-2a0a7e15ece3,Non-Event,75
1775973237.416,1775973238.416,21.641398224875623,9.457103484931537,66.51262,23.61751306662821,7.263849068,-6.884107900000003,109.4504441,8.933895000000003,1.0748941779061831,2.39254441840951,0.3426834555431796,0.8088476558099069,0.6653304386561316,0.5075482362558166,178e7720-4939-4df4-b9af-2a0a7e15ece3,Non-Event,75
1775973246.916,1775973247.916,23.194335581818184,9.37282951927219,59.732586,25.016537255970043,8.426613975634519,-6.883925200000001,109.4496265,9.036490999999998,1.25207082158247,2.871330787636849,0.3728599993735679,0.9027353516309288,0.7489125040814073,0.6610219373718741,178e7720-4939-4df4-b9af-2a0a7e15ece3,Non-Event,76
1775973247.416,1775973248.416,22.13094852979798,8.30306853106824,50.082245,23.637255125335155,7.635272841624364,-6.883925200000001,109.4496265,9.036490999999998,1.156911730242074,2.7285859407278155,0.3192755771411801,0.8207076353473503,0.670822587766097,0.6222869133523363,178e7720-4939-4df4-b9af-2a0a7e15ece3,Non-Event,76
1775973255.916,1775973256.916,21.107244757,6.904541181515821,44.359413,22.207847040160196,6.673770699497487,-6.883573299999999,109.44884329999996,9.173379999999998,1.0997397878685518,2.0951765613248443,0.3288236438209362,0.796985590963285,0.6545878293033576,0.529197974503444,178e7720-4939-4df4-b9af-2a0a7e15ece3,Non-Event,77
1775973256.416,1775973257.416,22.97046106180905,9.677811510656406,62.806637,24.92593262102502,7.488363774747476,-6.8835732999999975,109.4488433,9.173379999999996,1.204865769775029,3.0519906550612603,0.3398834260331346,0.956088696386614,0.6940324552076305,0.5397866900191981,178e7720-4939-4df4-b9af-2a0a7e15ece3,Non-Event,77
1775973262.416,1775973263.416,16.173509510659894,6.623415463121615,55.74384,17.477186337866993,4.048323173469388,-6.8833,109.44811499999996,7.241626699999999,0.7588752778391125,3.346767589082785,0.2433122655425091,0.6198033070695391,0.4741825004730891,0.3546794904152965,178e7720-4939-4df4-b9af-2a0a7e15ece3,Non-Event,78
1775973262.916,1775973263.916,19.204696473846155,10.608966176605875,67.52031,21.94015792989937,5.186745646391753,-6.8833,109.448115,7.241626699999998,0.880088572144295,4.432669631182208,0.3309852257238661,0.8121943424125312,0.5248890577169867,0.404868495847102,178e7720-4939-4df4-b9af-2a0a7e15ece3,Non-Event,78
1775973267.916,1775973268.916,21.260204257070704,12.328469043109797,82.60281,24.576155801900423,6.750401022335025,-6.883299999999999,109.44811499999996,7.2416266999999985,1.049016640820296,4.572682256362916,0.3461301157055814,0.9381716232656097,0.6934829400646526,0.4109257251968953,178e7720-4939-4df4-b9af-2a0a7e15ece3,Speed Bump,79
1775973268.416,1775973269.416,27.91136146767677,18.06588028906456,82.60281,33.24785902277202,9.501040685279186,-6.883299999999999,109.44811499999996,7.2416266999999985,1.3520562526740691,5.685608872407599,0.533894721234489,1.488633972435181,0.7610203854011777,0.4349978346857261,178e7720-4939-4df4-b9af-2a0a7e15ece3,Speed Bump,79
1775973279.416,1775973280.416,25.667286402010053,14.84739595637202,80.20299,29.65223023531455,9.21264652020202,-6.8830933000000005,109.44743330000004,7.538106999999997,1.4249824000575435,6.208611712597673,0.4484494583399564,1.3076960404325026,0.9243892265861616,0.5816555256146535,178e7720-4939-4df4-b9af-2a0a7e15ece3,Pothole,81
1775973279.916,1775973280.916,23.622003304102567,12.190214525494254,77.29669,26.58195572708305,7.928342690206185,-6.8830933,109.44743330000004,7.538106999999997,1.2568200333801047,6.208611712597673,0.3510372062178226,1.114063688591462,0.8252889809947144,0.5062558774952083,178e7720-4939-4df4-b9af-2a0a7e15ece3,Pothole,81
1775973281.916,1775973282.916,21.921541049748747,10.9371006040893,72.19551,24.49845161678161,6.559860172727272,-6.8830078,109.44683749999996,6.257013,1.0702773876218934,3.4891537608754435,0.3256917569018251,0.9186444162079742,0.6401822920270341,0.4529052039710125,178e7720-4939-4df4-b9af-2a0a7e15ece3,Non-Event,82
1775973282.416,1775973283.416,19.916031258883248,9.534868298555992,72.19551,22.080806474755917,5.450865862244898,-6.883007799999999,109.44683749999996,6.257013000000001,0.9283254699433134,2.532976282644096,0.2913571816089437,0.7580995986947009,0.5787723007111025,0.4449141273658031,178e7720-4939-4df4-b9af-2a0a7e15ece3,Non-Event,82
